PC1,PC2,Cluster
3.278293981951164,0.1086148417522198,2
-2.549200804253485,0.0105072497586492,3
3.2713779079957312,-0.1722434664941398,2
-2.204675243383932,0.6219015589627589,3
3.1222169929463663,0.4810208307552908,2
-1.9904501085040736,0.3377163845113821,3
-0.4642127069879161,2.423750916540393,1
-0.066716558247938,-2.7027460048227394,0
-2.7491725155857214,0.0899278954597766,3
2.201979697525066,0.1790227311309608,2
3.874824971667804,0.0808585706900651,2
-1.5715204030579524,-2.291942850406459,0
-2.0514894976875997,-0.3435895654027404,3
-1.0994678987597508,-1.0036809749238154,0
-1.6179340946903225,1.2684239386145528,1
-1.596496657085788,1.9534362331653132,1
0.1107290458029877,2.131055822957292,1
-1.8394689693873607,1.7309135784438812,1
-1.7683145146136885,1.735215880956512,1
1.2984554407203244,-2.173011428813496,0
-0.6245870559807756,-3.190784526993026,0
1.195151231047885,-0.6974413450027189,2
-3.1800675577274533,-0.3176529550984492,3
0.7074691969922674,-0.9478855873471576,0
-2.1804145547750875,0.4284789765681437,3
-1.8954403330009824,1.573757454792615,1
-1.0062183130628624,-2.70022084331381,0
-1.4285919190630785,1.4273180328915402,1
-0.8389209099875412,-1.681344908927927,0
1.1904849090079992,-0.037228484414454,2
-0.1824036522921421,1.2674851882813687,1
1.5904674344013443,0.3738159880369086,2
3.423676312718541,-0.5886250818993842,2
-2.7330889496455586,0.1872991827094447,3
2.432996568158497,0.7535238763914924,2
-0.3669246263864236,1.976542917165394,1
0.3553745402951497,1.7962043269990795,1
-2.411322340682937,-1.0574765898776266,3
-2.518098227320695,0.7829396261977373,3
-0.8122433472134125,-0.7085129193960376,0
-1.5743413550473029,0.8901052713314445,3
1.930615412643498,1.3099377114747792,2
-2.18510501822726,-0.4950255528548234,3
1.827694623448083,0.0310373633041396,2
0.1865711425864222,2.217013073809948,1
-2.510180521257501,1.524239579763002,3
2.1973172057799344,0.7408345451547168,2
-2.277753739467815,0.3181575446552357,3
-2.7939767843838403,-0.4921944407615127,3
-3.6691428852644896,0.052278638629269,3
-2.424843574168944,-0.0663834882505386,3
-2.0634030057353643,1.683021069051648,1
-0.9388722360787854,2.2295573757409115,1
1.9225922649972609,0.2719768796097208,2
-2.1374808427113257,0.6211743237245752,3
0.414362029683303,0.04503400341461,2
1.321866924897094,0.4677659649700282,2
1.4757027581259483,-1.122741084388436,2
1.9615139264942187,0.0255926344368825,2
2.5691011219712845,0.8084931442473556,2
-1.826260612378272,1.6616203999905146,1
-0.8561124533170308,-2.190334983093916,0
-3.050490655931409,-0.5576402482411911,3
-0.9051877243428078,1.9497513742782449,1
-1.469824024166417,-1.3842796974235223,0
-0.9029168867696604,-2.539064023513094,0
-0.2100938909028503,-2.828175942103867,0
-1.3370377905997295,-3.000615236876728,0
1.4217188649446095,0.4936837888008004,2
1.236720188969608,0.5968520688681047,2
-1.090037871179375,2.9192609194762973,1
1.0057701220540511,0.359514829386064,2
2.508155259711303,0.8244332358446556,2
1.5185039149674804,0.100400090465123,2
-0.9650295956793776,-2.3185937539130346,0
0.9370894824464672,-0.0043485406552921,2
1.4274334720466109,-0.4782919082407385,2
-0.913379629613328,2.175866028677825,1
-0.870861888058542,-1.428374655137148,0
-1.9262139540926573,1.0226454561779987,3
2.0580106920394448,0.854289657467972,2
-1.060955576349891,0.7790530877614543,1
2.8893573797260586,-0.0217786832760424,2
2.382488536447942,0.34932593730988,2
-2.362803762657075,-0.0842985361378523,3
-0.90204909867222,-1.973935519351747,0
3.5006225371603894,0.8527291274338106,2
-0.9760506910551026,-0.876850531562598,0
-1.1897212772465584,-1.976280288058698,0
2.660245647439366,-0.7068766591519616,2
-0.8317700608731817,-1.3914930068766795,0
2.65831077530861,-0.1589534108180071,2
-1.245537016755054,-2.631182397358696,0
1.8283035691794491,-0.383191606573346,2
-1.041284277530477,1.77689950545434,1
-0.8447294433813455,-2.253035735878594,0
-1.726824297875869,-0.2009030028807547,3
3.8334846142416,0.0446930322250105,2
-2.230245915766087,0.4527847407094267,3
-2.856701611939213,0.7615466324083761,3
2.45109606611314,1.2582462304596898,2
-1.6480615467306068,1.0062511496765034,3
-2.924519573980182,-0.4148682475885509,3
0.8334485390512769,-1.888010087875926,0
-1.4015323007197549,2.846229451175203,1
-0.8208804350843603,-1.5972387555917915,0
1.0447721105285954,0.6928787532677372,2
4.040949491897176,0.5009962549785884,2
-0.753817128512796,-3.2330518522329568,0
1.673980415655913,1.416184120046222,2
-2.416497729075666,0.3528726111079761,3
0.714088574345644,-0.8200833656952591,0
-2.012078644383198,1.834275184117776,1
1.0810500261626743,-2.3632029117180933,0
2.936809433941801,-0.4649320103508602,2
2.266204365957929,-1.3264014051175914,2
0.894981843731726,-0.9806397155741732,2
-1.106048384244802,1.931163620556573,1
2.84303449779403,-0.2721606182728738,2
0.5982594974154298,1.45935748862645,1
2.658042311893109,1.17551111393881,2
-2.093571959238763,1.9672920683135071,1
-0.0138175381233647,2.295961138412924,1
0.3093964612119463,-0.6494010876909835,0
1.09277657692834,-1.3602386245015667,0
0.2544679509278192,1.6818397012464317,1
1.0445516889273525,-1.405736967370508,0
1.067083350024736,0.715807034095527,2
-1.768403259550988,-2.275170713188887,0
0.5323660363272611,-0.8299833936293145,0
1.234182516087169,0.8875275073678272,2
-2.965935031240968,-0.3449500909106204,3
1.8609151398051744,-0.1427586732605969,2
0.9958921186053122,-0.9588749078337616,2
-2.204309069256874,0.0953347901705998,3
-2.689835014618404,-0.7610091808914919,3
-3.6129343622585366,0.1236672816025623,3
-1.845842664524436,0.1955474707779249,3
-2.307285959511886,1.0506855287079246,3
-1.394016279670792,2.8557753085389934,1
1.3357587452612527,1.0686085654834956,2
2.150876628492629,1.906269410714228,2
1.3692667789442066,-1.5614480469015002,2
1.4452110903921764,-0.2518542432411136,2
1.1505214316653558,-2.0276196956548445,0
-1.1815474644766677,-1.5979014972033223,0
-1.223087464017803,1.2074231321427458,1
-0.3281197889351051,1.939740008428551,1
-1.8069293376901907,0.9325595733549484,3
-2.632576117813767,0.6375449277481761,3
-2.5195261888542597,-0.5679860568020824,3
2.471612216732243,-0.5970897584356503,2
-1.401654747302424,1.3111029408823136,1
2.7106518840215537,-0.1903805038953273,2
1.976109470525208,-0.8833932607181488,2
-1.4341026920266429,1.1919247421011527,1
-1.8793972642830037,0.4635804836523816,3
0.3741727623846472,2.123572522196995,1
-1.932164160185629,0.881940459560163,3
-2.0603001964558483,0.7191989880516708,3
-0.9389104972698846,-2.3418919688156463,0
-2.900291551827428,0.9427033779333306,3
-1.324604119293511,-2.408176753671037,0
-1.1617065753133369,3.1508244159821728,1
2.8183464056845104,0.255857566254733,2
0.4003113475321648,1.3157919449021616,1
-1.4596280660581615,-1.960368346036261,0
-1.6302387113014,1.4388784777195411,1
-0.7835574912386261,2.104230033767542,1
-1.9424948366073167,1.922651347453513,1
3.337047525380199,0.6837052459724193,2
-2.080155995045802,-0.6821421799235728,3
-2.7652807410537465,1.200244969345748,3
2.1689328918442814,1.6315417459987065,2
3.0965091603913373,0.1736611224613503,2
-0.9885459061826972,-2.6139743481476883,0
1.948142986055628,-0.5532330351832208,2
2.7118356215753647,-1.1405741817863626,2
2.0966833711196315,0.3627850110282117,2
2.0016909414784934,0.2865413657460769,2
1.970785679619131,-1.7888624852483173,2
2.536860155259804,-1.2936469259872916,2
-0.9641166192130812,2.434014224723719,1
0.9358079473587146,-2.2154562132640425,0
0.607712299157456,-1.608213113614278,0
-2.8198488635701056,0.8083521265792194,3
-2.148122003586608,-0.7591728989222574,3
-0.7614188081444795,2.046278976160399,1
-1.723964161388686,1.3326527486572792,1
2.1317119109450933,-0.3448267958788009,2
-1.1429704697408751,-0.6784077338077475,0
-0.0152569916561837,1.7629872363993846,1
-0.6617141506190274,2.4954982849234546,1
-2.960501504411146,-0.7467054517688526,3
-2.541893667742839,0.8387864894397433,3
2.2129353409997674,1.0134989142698392,2
0.7436654602752191,-1.7630518389977392,0
0.7602842147273974,-1.4737984637407813,0
1.4601744415878422,-1.087052937771265,2
-0.7443903821576174,2.3904938539217597,1
2.601011793837873,-0.9627175699125692,2
0.8466187117416359,2.7398123662784077,1
-0.9460881509010092,-0.5527760516697018,0
0.7211354945365134,-0.2262749684334087,2
2.008104269560845,-0.85320738788592,2
-1.5416989676215564,-1.0881634972664471,0
0.813297777449142,-1.6973564030337798,0
-3.018883436244324,0.1469083879748596,3
-1.358660571483837,1.359831303002817,1
1.0675262813302262,-2.375033808797359,0
0.9714777213198594,-0.5555758449512471,2
-0.778138997361074,-1.5533152574252058,0
-2.076682082997638,0.3758052593108519,3
-0.5855196703695618,2.2696828315613664,1
0.8963548560262926,-0.7696791708267092,2
-2.043126492446121,0.7410107589097942,3
2.365918116105788,-0.2325183195934458,2
1.4717550929998011,-1.3592323833643718,2
-1.3228868160314622,-1.8198453696280037,0
-0.9907076673308604,-2.6866517575641318,0
-1.158850720212687,0.6681015477176777,3
3.598050807220244,0.6631537596852942,2
3.514007850228214,0.8506605644372186,2
3.632276613333552,0.679137283888307,2
-0.7931612549651565,-2.697153625157866,0
-0.2372577635213989,-1.2907586646164515,0
2.29189380771908,0.5080744754214362,2
-1.437687703664027,0.964201393627472,3
1.7255567564979812,-0.8366748434792155,2
-1.2382733958005487,2.408404112358875,1
-1.3277201424995686,-2.352173505423108,0
-1.0814634804571883,-2.969155781078821,0
2.0659814182371603,-0.5154971565443024,2
0.2029016410087219,-0.0955789207631393,0
0.7349352545955259,-1.488183106552307,0
-3.3681196058907847,0.0259423455996779,3
-2.451928679766737,1.1814423710383142,3
1.906609503174557,0.9919845992970308,2
1.474476139816561,-0.5073491336687701,2
1.7924703662329151,0.5814055282716527,2
-3.56293002243406,-0.2214801186521168,3
3.4461490287704706,0.5302664323020706,2
-2.1144290034292235,0.1972022713276876,3
-2.0966494504244846,-0.7008353878060077,3
-1.6572915758408624,0.7153086819343811,3
-2.889820401660753,1.0420711392640158,3
-1.786297562958893,1.181222669113259,3
-2.1060896158782048,0.2066538932907164,3
-0.4781484208727112,2.492120302345651,1
-1.0628514675709246,1.9860266394914767,1
-1.444311495606529,-2.5311947662622942,0
-1.2010846294819666,-3.15545396226019,0
3.005917387350556,1.220612633515002,2
1.7278399002075489,-0.477975247266544,2
-0.6561918063223969,-0.8414288987106386,0
-2.565966198132941,1.0447316710222827,3
-0.4184560786420965,-3.285264153289244,0
-1.628452255863028,1.267675211959352,1
-2.8921930120856985,-0.0721674212061669,3
2.093985448693497,-0.6987415816912655,2
-1.3611160578183037,1.3570483254248145,1
0.9757442784863128,-2.455326911250007,0
0.5668084259592299,-1.0805936609986648,0
1.487982197972296,0.1450442029556147,2
-1.5436694782283822,1.4614237888384811,1
-1.078917779428689,2.288208951763888,1
2.402161027703087,0.6077226224066395,2
2.8656075018491856,-0.8020291326754363,2
0.084970193650207,0.8776101568020295,1
3.181741740748782,0.8937256976350765,2
0.8820632279964584,-0.7097225882995055,2
-0.958613338891458,1.7958285248953594,1
-1.0376979510687157,0.8054126112361233,1
-1.7017134753611338,-0.1724431189698568,3
-2.202239177877064,-0.1275988902439105,3
-2.866714775801062,-0.5746335878834858,3
0.3813618164253159,2.5185664155334084,1
-0.4424972025732626,-3.031487945939972,0
1.8232355552992885,-0.8894972878121089,2
-1.5021831324852526,-2.297383612063812,0
1.0916779912393753,-0.1387680137946663,2
3.410523569835645,0.4699217434583876,2
3.311630554634585,0.3766199547042262,2
2.382023157552879,0.3488868700686844,2
0.8343357495180441,-1.754610610257576,0
-2.144640880360946,1.257255829187799,3
-0.9400879332230174,-2.013026358795848,0
2.9292462143887925,1.1482763055279517,2
2.4246909746009715,-0.1036281801984616,2
-0.4738181126182396,-2.186200387863198,0
-1.1467412170807156,-2.225394861545049,0
-1.3279816531140978,0.5571966087767436,3
-3.003439611954718,-0.4786521456626811,3
2.2950685307295693,-0.5824675502834034,2
-1.3875698589336696,0.102815024105966,3
-0.3363582383906364,-2.938635028578529,0
4.077943550868449,-0.016256373912909,2
0.4092797095231704,1.245173233142037,1
0.9907729507596102,-0.963704647486918,2
-2.545231234275747,1.1571351730540582,3
-2.3501191977479103,0.9962844060970756,3
-1.2727660818428663,2.6871836775458644,1
1.1849393029258712,0.5436391267127424,2
-3.668738798111319,0.0527918567671073,3
2.6033426155123616,-1.3062727203710631,2
-0.5870565768137704,-2.5027017207131634,0
-2.9859993922035284,-0.4845477050604351,3
1.6095843700499295,1.0567238390631295,2
1.443932586715892,-0.0700547319655882,2
2.1951066560283814,0.7387489757590354,2
-1.4987189074557143,-1.337278070752799,0
2.839754337267073,-0.4790518932505473,2
-0.8806703830058334,-2.794410207725966,0
0.0945801339256382,0.9692849819353456,1
-1.0004117379719308,-1.5505999984050995,0
-0.4376901842678901,-3.0272826507696164,0
1.2028242640148,-1.6129583653705413,0
-2.3602438866297955,-0.387460077308233,3
-1.0512034875952572,-1.7572360108675082,0
0.5702378040184624,1.81444453367452,1
-1.225875615236739,3.069325375693467,1
-0.7632924881424249,-1.893097725451427,0
0.9859170600807924,-1.6220036358857093,0
-3.1853293367740023,0.6667547150629423,3
-1.6607723462587076,-1.8737921942494888,0
1.1075693243009783,-0.7090037757323957,2
3.6765594071370256,1.0066429306688107,2
-1.8152617467735368,1.0304144668367534,3
3.941149759473338,0.6884970104430627,2
0.8860045270083694,-1.0625496601611797,0
1.0103773537615808,-1.255010973677769,0
1.265390420248732,-0.1768390450859422,2
-0.2239381036223234,-2.8402871921944897,0
-2.467781681712515,0.2016698178556328,3
0.6671062806399751,-1.5521771569566316,0
-1.0766341478,-0.9802157320157492,0
-3.3172777469834838,-0.5546602791632369,3
1.846296031552594,0.0501532133619692,2
1.941640522383477,-1.8851456182210216,2
-2.155489051983708,0.4567288244354187,3
3.04408466203411,-0.3002988132093165,2
-2.5945034129466387,0.0407246098295743,3
2.3686658666112583,-0.1375337792814261,2
-1.4185313819301315,2.2655329126299315,1
1.871855506276638,1.5428360301367927,2
3.1964004872405263,-0.787451437553777,2
-0.5019140383786805,2.3758676642800896,1
0.619589531180468,-0.9573565123340796,0
0.9780091146149829,-0.5488638189477957,2
-1.7522558977944347,2.07819903518706,1
-2.674329443295286,-0.968715248143345,3
-3.1682047032794856,-0.27925869655405,3
0.8568446599957947,-2.2845351952624102,0
-0.720872509843121,2.4203631495439426,1
-0.5888408800640663,2.9106399093340527,1
0.9999179936616208,0.3535008540869715,2
2.3457972010155954,-1.460793391358342,2
2.321814138257531,-0.93215843020575,2
-2.438128315440657,0.2171768087754818,3
2.646470363275644,0.8814880730962001,2
2.9102369062448004,0.2810257023904888,2
4.053308164257032,0.3077862069551371,2
0.3211465417274198,-1.3123662809450318,0
-0.6580620005990787,-2.3956453317755533,0
3.89257889260898,0.0963901275192437,2
-0.649575179185523,2.833503223216972,1
2.3660381844053187,0.5842693946126161,2
4.2059384249461695,0.0957166188230815,2
-0.4943926393316729,-0.9684382951422026,0
2.2292049513116563,-1.2879831336889744,2
-2.168291042760225,0.9906995855265686,3
1.835303245064332,-1.7033640641882295,2
1.2622187483937688,0.6230558183855787,2
0.5182669265060548,-0.1414707915115469,2
-1.4425067380511964,2.79418913199841,1
-0.8546143935042047,-2.5454671579718693,0
0.7897907132215918,-1.7935796788362004,0
-2.2182578646300164,0.5185820179707196,3
-0.7327189534672591,-3.0105729498238336,0
0.4941861332498319,-0.676088522880406,0
1.0099842517771238,-0.5890339803757405,2
-2.978603642111781,0.843241702820288,3
1.0110256354893794,-1.5108077089306065,0
1.6505100582716947,-0.624373192904221,2
1.5895199298473115,1.0361044951805274,2
0.7283249724902279,-1.8473513864144755,0
-3.014939738981661,-0.170670468432698,3
-3.067262090895125,-0.5766485101890597,3
2.4109445524186546,0.9237009900014096,2
3.378538840998892,1.0793962572558582,2
3.244022015252417,-0.7457909800661252,2
0.0813095397202264,2.097712601032163,1
-1.2190465423481651,3.077998762222933,1
-3.2472682023164587,-0.0570870919706133,3
3.377721217719179,-0.6288277037279801,2
-1.1238848328317164,-1.908623065943908,0
1.8239647142679565,-1.988091243991316,2
-2.0277865707026805,2.050843981153565,1
-0.921352384174382,-2.900786049107522,0
2.0576664085587497,-0.3388173325630543,2
-0.3931680946578093,-2.3197753313498577,0
-0.9723118933839228,1.778430430022644,1
1.5029364961187563,-0.8241083952220423,2
-1.285958082013552,3.079085250157604,1
-2.428615134717017,-0.7710129141752639,3
1.9502328396861683,-0.2681559893799798,2
-0.9406863647003852,-2.8363379406170157,0
2.625792829630422,0.0861037514033833,2
1.1330086480109147,-0.0962943132448262,2
-0.4860167416312357,-3.069559884882254,0
0.2803200523359785,1.7111397293318211,1
-2.825581711976658,-0.914860582845238,3
-0.0518408158856824,-2.9645403082968227,0
-2.7076588797730823,-0.3395094513628168,3
-2.5215567910505507,-0.1834414566359061,3
-2.5644744445665344,0.1649321290316283,3
0.8632432421522105,2.371808104547532,1
-1.1536395734985911,-2.554380545336988,0
-2.255279942898902,1.116736703047701,3
-1.8839604677737944,-0.1537169819676735,3
-1.440632547069594,1.5062190024265456,1
-1.7120221796696602,0.4279989541494636,3
0.4406369244323004,-1.482737009985803,0
3.1861003164927597,1.1809431962391486,2
-0.7573188223821599,-3.5817094274981485,0
-1.6100233165539528,0.4628183362880162,3
-0.5747977344164182,-3.3512493432899784,0
-2.8601580024791327,0.3485004725177036,3
1.0080588450333476,-1.5136067625932312,0
2.598437397949292,-0.2962505924287255,2
-1.330373519807894,1.323667838084218,1
-2.97540702746355,-0.6795677894944061,3
-0.0338778087829493,1.0489740805990646,1
1.8765581100974549,1.6243643185692702,2
1.5616522454260098,-1.0475504067424857,2
-1.8755539521654447,1.6850831987349304,1
0.3667724464370515,-1.195879791113836,0
-1.5620924835126142,2.3197194908537155,1
1.0149367059564725,0.6622182184839711,2
-3.028052090879664,0.1271388777640247,3
-1.4046514806967356,-1.9319847807890216,0
-1.3656212015471207,0.4337538320454701,3
1.7604359142510266,-1.4940518444401791,2
-2.5651031109686957,-0.9257044603035008,3
-2.6415098127991468,-0.255495642198704,3
-1.7714459138283916,2.045701715157838,1
2.7661802660811703,-0.064586587195237,2
-0.5908835120621244,1.7227143584471662,1
-2.388238894687683,-0.1131259831250902,3
-0.9509475075125806,-0.5577697990162693,0
3.926041772418676,-0.1491437012961323,2
-2.447507570562212,-0.0090996142225855,3
-3.0023836924569047,-0.3912423669436257,3
-1.0235895863598174,3.326242375495269,1
-2.8283082397708235,-0.2562234047236064,3
-1.047123815512717,2.973764685714714,1
-0.6226642486586265,-3.189102408924884,0
2.540785603330406,1.1383240693513872,2
2.3298469003410958,0.0165552124317181,2
-2.281367616155283,1.406191205501725,3
-3.088364776851596,0.4673186739857375,3
-1.6848979382613107,1.2820540496640316,1
-2.7324337484005934,1.1558941923913175,3
4.110753430095489,0.2872544576510971,2
1.7659196728502735,-0.2323832738697413,2
3.0330138936266566,-0.3807700363414854,2
-1.6432658975459646,1.571448500459062,1
-3.446957009474259,-0.0741865130925543,3
-1.6180619231269864,1.3669403296624696,1
3.679554384791453,1.0800492579147825,2
0.6514492124989609,-1.0007383065061326,0
3.1156070620137504,0.0370786621266164,2
1.8742503948557212,0.0788806846567411,2
-3.06034720136898,-0.8748742043343031,3
-0.7121754173642614,-1.1922440902012854,0
-0.3689514135122046,1.668182983915348,1
0.1379364450366128,1.8558290755887523,1
-1.8330556036128736,0.2100399577879024,3
-1.5825227622991995,-2.086661827317202,0
-1.2989742929348849,-2.8912635897149683,0
-1.7949525198074872,0.733620945011643,3
1.899730526777251,0.2504077013859648,2
0.7419122759978939,-0.2391328338977878,2
1.7300434937524654,-0.9710239435147276,2
-1.5618826720719277,-2.646537111343855,0
0.9027413038486796,-0.1505515352987937,2
2.6737532009987595,0.9072283901113184,2
0.4254392727118318,0.0564175995164634,2
-3.605383225393828,0.0471890492194603,3
-1.009298068862075,-1.7908672817393572,0
2.9820074708209097,-0.9750076021516176,2
2.075630030715747,-0.3938885728662779,2
3.3875034054449253,0.4789618312237375,2
-1.6926049389480269,1.508784565829018,1
1.257643280803251,0.9116371047722246,2
2.110939951178208,0.093130202071983,2
-1.2218174502479304,-0.836130941431405,0
-1.3237750855195989,-1.8207582051644724,0
-0.6362935193573934,-2.3394897384457702,0
1.5544594099907625,0.9233787098840076,2
2.962942193039421,-0.3712841956849122,2
-0.3834038406559626,-1.744352432849024,0
2.013208826967159,0.5916610842052266,2
-1.437271559983523,-1.3508269598223208,0
-0.3312702242321568,1.9361693956869623,1
0.097684239291851,0.9728030856660284,1
-2.927194980137709,-0.7239633069912771,3
-2.5765619433458893,0.0635114951495903,3
-1.4975838170282727,2.724237499811064,1
-0.5141344612536695,1.7289163296421035,1
-1.7474963311869214,1.116481148552219,3
3.307905214712259,0.1345194600016075,2
1.5828021646076649,1.245788607328048,2
-1.211637140212732,-2.21538992220535,0
0.1653853179215342,-0.1341327981269639,0
1.627924521774308,0.9988755783708284,2
-0.8348541238036642,-1.8281865661182464,0
-0.3744640699193624,-1.8093582886499824,0
1.9491756669733904,-0.9088042773023703,2
1.7801281507458513,0.1375674203985791,2
2.179673994057068,1.272600982449326,2
-1.537437874269671,2.437101208822521,1
-1.7098050969736054,2.540770745379118,1
3.0653157202303216,0.9935473469547896,2
-2.772568264510272,0.1371577706426527,3
-1.0909052131783743,3.3268156452921014,1
-2.551424051540057,-1.21626383885651,3
4.171968828921536,0.0659991996192385,2
-1.0913309500695196,2.917618621435215,1
0.8475453103584158,2.7408625464965217,1
-0.7664207414923653,-2.745365158983075,0
1.551158319215201,-1.1275169944542116,2
-2.6155713611603058,-1.2081833590850926,3
-1.505619858476785,2.80009987042876,1
2.124676170228199,1.509365428089327,2
-1.917227957166289,-1.550773774070881,0
-0.6981334670584799,2.212724348106537,1
-0.8978829754507399,-0.7198253746432993,0
1.1790053055299676,0.8308243116906698,2
1.876676580877576,0.3746572629190868,2
3.778416166442125,0.5461337512759722,2
2.906697517370073,-1.0408905598205156,2
-3.0763936999403136,-0.8938964137008475,3
1.1910631808704877,-1.371750629075734,2
-1.3426048601720413,-2.648905671893866,0
-2.7941934785300897,-0.2671603999107737,3
-2.507843075430069,-0.1717984937625042,3
-0.9484731534858292,2.539951178218734,1
1.0831314365254223,0.1457323607818806,2
3.1447296969950784,0.5022607085481499,2
0.2899805773542756,-0.9852246426933264,0
-2.660183932175173,-0.3652817317275045,3
1.915275601591746,-0.5842421590926918,2
-1.5828857069134368,0.79963815344896,3
0.1629663375208045,1.5781344047076435,1
-3.299338679521673,0.1993674842204151,3
-1.0274394782537648,3.0848338205881096,1
-3.7162091438279177,0.1348268381262312,3
2.89271832252353,0.8307082838762033,2
-0.9671836448951204,-1.7475881380691027,0
2.785161976799153,0.4461276245369074,2
-0.1909831936516808,2.095166680709468,1
2.446602467526095,1.2536283565693151,2
-3.21733833220464,0.5400324269854812,3
1.7140140669969202,-0.7102389108815303,2
1.9189339754985129,-1.8342236024858816,2
-0.581790367670291,-2.004962744602824,0
3.143074630839593,-0.834102178643584,2
-1.535814497181018,0.852987308529167,3
1.309904738187904,-1.8174010988666505,0
-1.6934987114883868,1.2863982179574067,1
-2.806190717792958,0.8256988996381506,3
-3.145333370410061,-0.2502105499524081,3
2.3220178070690487,-0.7279585441371037,2
1.9657155778705309,-0.7648523389627813,2
2.493339939472526,-0.5780818242656452,2
-0.6392705176108167,-2.928822011712129,0
-0.2466319150745912,-2.1815240337782504,0
3.128244884841832,0.2521562450359149,2
-2.297736895167368,0.0702295750496047,3
-1.943517888564172,0.3909080125588717,3
-1.218480820333727,3.0787172676159065,1
1.696700999521092,-0.1035790302210811,2
-1.3843411480715166,-1.219737071380358,0
-0.8054092781456997,-1.9328333107796696,0
-1.0558719926259257,-2.66190583959518,0
-1.1989427278590226,1.899250182228248,1
3.2819013194987527,-0.7126532541237264,2
2.962770900422375,0.047484174022635,2
-0.0422060558965336,1.9577235779575255,1
-0.1437762198035552,1.61732724014693,1
-1.0658494075428937,2.6273942917744333,1
-1.0849420800713965,-0.9887534290921394,0
-1.4116027326335818,1.8656764588817003,1
-0.8014333008496878,-2.795877952257729,0
-0.98241461374666,0.5620063244764472,3
2.2669403930477774,0.7757142406773131,2
-2.148157193080012,0.1589757113883268,3
2.554088586043829,0.0246784730897409,2
1.6460556695615698,1.0175081625564095,2
-3.4612857465733926,0.2302026371725616,3
-0.745269229830026,-3.571168154271125,0
-1.8084300331839085,-2.4296435451873624,0
-0.7356861515260581,2.724136438043653,1
-1.7787258162363733,-2.2115954587508893,0
-2.0689793412761697,0.2487136110261945,3
0.0504327952790376,-0.3289600854977009,0
2.8885486854613336,0.9002145788994211,2
2.9814064990070515,0.1236984952321323,2
1.2033613243020505,0.2692873354534139,2
2.0795343832624504,-0.8693026235906028,2
-2.2785553629214963,1.0871753383082206,3
1.5450681727815114,-0.2594054259172084,2
-2.062261501304516,0.2563274176075232,3
-3.1205113552665886,0.0178340263085532,3
2.932847696951299,-1.0180137540937837,2
2.2418075916481435,0.7498863646160324,2
-1.1883993498661485,-1.0950719209868094,0
-1.6077629936207218,1.2939519806166673,1
-1.4792546171127563,2.424929209110545,1
-0.956338039741284,-2.029725879492435,0
2.6332387984639647,-0.3849086905679573,2
1.0973644031087284,-1.7285285327975726,0
0.8048644642960612,0.1530529095198995,2
1.691843721619105,-1.0044420224684838,2
-1.0730849697235758,3.349448565170765,1
0.9254643392689808,2.442327706193907,1
1.302713387471861,0.74136600931697,2
3.2836664543738787,-0.0907069019188145,2
-2.1700712544070986,-1.81060972471649,0
1.578550406384336,-2.202785580088516,0
-1.829125539185476,-1.9701057468044587,0
3.967556313364185,0.7115980985788809,2
3.235851968900469,0.6211014694506479,2
-2.169863060374931,0.7465005678248415,3
-1.5777679079803502,-2.0817754723866897,0
1.5182842797116889,-0.7491231728090498,2
1.103126905946263,-1.0673681351670965,2
2.9267228090483064,0.0869143630239228,2
-1.1315462836098311,1.898779556058983,1
0.7220876727169283,1.9057636115476224,1
2.8644783818335218,0.0281891195139511,2
-0.7208035804742388,-2.7253411346003045,0
-1.6194247555089327,1.6017283705915155,1
-1.674549769775238,1.3078744034178444,1
-2.4343371758724826,-0.1653724489762768,3
1.8969733013781265,0.4574715243678137,2
0.8717302829167376,-0.6580819060759567,2
0.2667415675296428,2.3886591225526685,1
1.0613931306737814,2.0650430215158138,1
-1.0423192143214803,0.4941121733753572,3
2.2338061816870494,1.328230253965931,2
1.9328476374703896,-1.3432219243301071,2
2.545722892821213,1.4321856929076864,2
1.2171922293663262,-0.5963491312904677,2
-2.515182905186528,-0.2570006730067503,3
-1.890944557499348,-0.4676953793846314,3
-1.1771700699464251,-2.2101352528961846,0
-2.9147322287420194,-0.7098383830576395,3
0.6943785590046991,2.5672677564422264,1
1.101190541264478,2.110148261883824,1
1.1975910649130932,-0.0299258001226989,2
0.8694172639894554,0.589369908837067,2
-2.8556812968788385,-0.6135766668136248,3
-0.8270041158562106,-1.503705616910035,0
0.5840899688357207,-1.3473945328871195,0
0.8612913434069889,-0.4462147207200211,2
-1.3851917896546646,1.5766325309379463,1
-2.075152951908891,0.5477794493459289,3
-2.2700969534821613,0.5388115424467548,3
2.6172227194402464,0.0045779906524233,2
-0.9417982353665666,-2.9186725712321,0
0.4084334515432335,2.774528263807613,1
-1.0391224490935898,0.4977352951278516,3
1.688388968652006,-1.1548465825876086,2
0.6436992956295325,-0.3058527487303282,2
-0.2848241738692147,1.3766843510740994,1
-1.1255545217866083,-3.07942698794421,0
-1.217682624469221,-1.341752720465354,0
0.7410954324464101,-0.205763016966861,2
0.9974325725738704,0.7209256185047139,2
-2.521622447353168,-0.1892992322627868,3
1.4797176380536317,0.629982209421441,2
2.8748738290215874,1.1704182219071455,2
-1.2434196873366423,-2.83884993779719,0
-2.322876028585739,0.3857098420844103,3
-1.872210102292368,-1.797794195444155,0
-1.9280020625079777,0.8872266063798964,3
2.9314698183320864,0.3010581452700586,2
0.18207772868874,0.9876690436604088,1
-3.654560631934622,-0.0152695981554479,3
-0.4581756096873182,-1.4410906024471983,0
0.640831206928144,-1.6490850753138917,0
-2.677284513792776,0.2581746075448997,3
3.3578732309343047,0.7033535050159423,2
-0.6564069556658522,-2.598219170378329,0
-0.4456395650762542,-2.3692801627947127,0
-0.7799679848233271,-2.5022916172957608,0
-1.5726702518602882,1.4233417183995127,1
1.823836702770892,1.4934892149594177,2
-2.8199529200765707,-0.2963554099743511,3
-1.5881955033149704,-1.7225125315891443,0
1.878214498059621,0.7462166353549551,2
-3.136755658824024,-0.0027973428325421,3
-1.1491179373270903,-3.032985181267698,0
-2.578136777042398,-1.1657560782732748,3
1.2860038662201547,-2.113118116714932,0
3.020232139771015,0.9510127079639218,2
-0.8240840638012592,2.934452703643027,1
-1.8695898191369325,1.3700704330165636,3
-0.7662919232188554,-3.589559311816145,0
-0.2790100622457709,1.995399559988609,1
-2.63978645988149,-1.11396546201359,3
2.297750178177824,0.3428187162010314,2
-3.544446882695786,0.1245823444054606,3
2.513670306164352,1.0292677349836927,2
1.1094363964342469,0.4660481061128445,2
-1.5142374985732552,-1.429921474246992,0
-1.069484325306542,-2.6747485564001643,0
0.7542714297483843,2.941211444313512,1
-0.0778628083120991,-2.9873049728190115,0
-2.821864177072104,0.0075412573487092,3
-3.3691942843659404,0.3471650507858866,3
-1.420275967632148,-2.4297988808596007,0
-1.43659229508083,-1.3501289091179618,0
-2.144558413982516,-0.0622251716662949,3
2.3885879316511613,0.9212911812862946,2
-0.571092371735537,-2.79839188195614,0
1.375591827409994,-1.166853408858648,2
-0.5648083893977087,-1.7058355470813098,0
-1.5116898275742288,1.824627737699855,1
3.4878860124697115,0.0171630279786574,2
-3.098997561879539,0.3677456253999171,3
2.3591701221273627,-0.2388847945907886,2
0.5454053481835414,-1.3838919973115411,0
-1.3928337884399975,-2.4870459359793884,0
2.182608243808941,-0.5751094208763557,2
2.701286133758394,-0.1992167321243979,2
0.1280798995990416,1.5385951194956402,1
1.2467226402502138,-0.156015178393372,2
-1.0567081782206484,0.5585873308595125,3
2.115654585037964,-1.732913933054164,2
2.716927266156914,1.314841613921092,2
-1.4245248597351297,2.81702733913221,1
0.0168880655854541,1.4125734933219232,1
-0.8808544801106738,-2.287118330476438,0
2.4359432336684543,1.2426743301316827,2
-1.5642258852227564,-0.0974018344775265,3
-1.298739801844823,-2.38159713069737,0
-1.334740063201069,2.049365960259201,1
-0.7210944013866418,-2.06295059974191,0
0.9002843165548371,1.8016637307208088,1
1.9783156688795147,-0.5982064481046091,2
-1.648036730110498,-0.1923906352059655,3
-0.3067303163954346,1.7387025855617235,1
0.495067417521777,-0.1653119078758063,2
-2.002693725252204,0.4697755003490257,3
-2.99526838966079,0.4994887213829823,3
2.4454599275223443,0.7425832605245777,2
0.224220108075676,-0.1503664975978665,0
-3.1100782116762917,-0.6140904122381813,3
-1.3086540293980835,-2.6907308919459108,0
-1.2666053468328171,-2.348573962760389,0
-1.0876864706524787,2.277072118172799,1
3.9664033057002,-0.0430482129259328,2
0.3575983769754216,1.798724759522554,1
-1.9970210439225868,0.7171151016087979,3
-1.2693822053633936,0.2367655109264461,3
4.051018215954059,0.2349966563341503,2
3.065195024109309,1.276538823362349,2
-1.9173452256031207,0.6642425826211288,3
2.83734352458141,1.0686091910216682,2
-0.9852854931396196,2.493197005861674,1
0.4560925842623146,1.3790127940326429,1
-2.165838911551859,-1.8062603318662536,0
0.7373381347235823,2.3098940727816304,1
-3.184309021713627,-0.7083685841590582,3
-0.8536695664347362,-2.841575493108921,0
0.9165537197914256,-1.5999383588934055,0
2.295499136817988,0.5117795137753415,2
-0.8564745416800689,-1.3413605538712376,0
2.7393831183215904,0.186778584256365,2
0.248569094203322,1.4498744709561384,1
-1.4986594622648115,1.4325208778329803,1
-2.6267497701661764,1.5185142595517942,3
-3.080549537957011,0.7998321782043868,3
-0.8557145285073918,-3.1181724355826548,0
0.6122103440158234,-1.5305291912237835,0
0.6657850769164146,2.1480147000673724,1
4.414306645089718,0.2780021468074106,2
1.3893218722187672,0.0519619478220511,2
1.8227815461978127,-0.6715067732804078,2
-1.236777663883876,0.5797813913742645,3
0.8328736620463368,-2.305505600511915,0
1.840218833166575,-1.011600895147396,2
-0.8548514343489834,-2.262585448374609,0
2.247480333312242,0.4624326985979668,2
-0.4505234662117295,1.8010112016156508,1
2.992769159420641,-0.6907850577689741,2
0.8696681635181376,-0.4383115103784921,2
-3.2353529241975134,-0.1280225684650623,3
2.7556062283051688,0.3015338054653432,2
3.59316227485386,0.7296634028518837,2
1.890253984376975,-0.4852737456959575,2
-0.4329905577896513,-1.491904659887883,0
3.008926773330996,-0.9514579491976288,2
1.4891338335001023,-2.006201387056074,0
2.351214508208512,1.5255812631139658,2
-1.5727361492083105,-1.196754674544841,0
1.3772324797553328,-2.378903341822991,0
-1.0330702443822932,2.023850816250151,1
-2.673252125054854,-1.2735570776627083,3
-1.7051269347352744,0.0489678001283877,3
1.5782004532050982,-1.58268955775856,2
-1.032871915902632,-1.5812249384785244,0
2.1580786225369235,0.4472541163727173,2
3.425907523119108,-0.037057244417789,2
2.8394949627978536,0.4973887249465468,2
1.875064077934478,-0.9787257354628416,2
-0.9595079833204374,0.6687512357397032,1
3.4596553531193126,0.6128683383205527,2
-0.7937022118110902,-1.5652426029327782,0
-1.854306662947212,2.35724393928818,1
3.279980438372999,0.629864625520753,2
1.1286352004379774,0.779061167152053,2
1.36234467258447,-1.5675036719468114,2
1.6040597176713924,-0.1220867773440428,2
0.8439236609923497,2.349911846999848,1
1.471446825601399,-0.2271018275186861,2
-2.876850170805377,-0.55439388567567,3
-0.6610879997112818,-1.5135663393858854,0
-2.5975457923871264,-0.6564112311673068,3
3.096734974375801,-0.8746412240858079,2
-1.006993468396025,-2.4260910073400197,0
-0.7624463085745573,-3.586195075679861,0
-0.4026702335601191,2.5019140389331502,1
-2.911541531523958,0.6058275195430568,3
3.542201848412607,0.9598899572471667,2
2.8375796262529622,0.2124763293587549,2
-0.9969737828887456,-1.1916355674667178,0
1.2121987532532486,-0.2315017848580504,2
-0.0672007588873211,1.31726963852805,1
1.0010518701601772,-0.5251837912076194,2
1.4663779463618671,-0.3402719152067905,2
-1.9731385975170703,0.8299001403833699,3
-1.5090872677244382,-1.6412164726353409,0
-1.4622888969395331,0.9363191088365374,3
2.006587436754641,-0.5715331132019487,2
0.8329167820444285,2.418220162280121,1
0.6066070242816795,-1.6092558983121188,0
2.0332889158911627,1.4921463899590277,2
-1.7927136836266486,1.0590520389281248,3
1.9456184762169648,0.7387891140005808,2
1.2960774912356876,0.6578509611874708,2
1.045256339981571,-0.4797567992162602,2
1.5258013921800475,-2.24893168575788,0
-0.8994790315442782,2.1935207326194592,1
-0.8436985366743979,-0.6641424069186669,0
2.616394252415065,-0.9492606253674328,2
1.0541706876127797,-1.2874857612656174,0
-2.046051310025966,2.027646521323279,1
2.062952243927474,-1.7082329591820404,2
-1.4387572247225515,-1.5689413766301767,0
-3.213120435734651,-0.7449610373869217,3
-1.4063091909270542,1.8723996164873808,1
3.3823243959185323,0.7998624353727175,2
1.1966167786281343,-2.536910299023803,0
-1.1002167379697407,-1.5713220214476706,0
1.1611247507435905,-1.0126493802330383,2
0.314484855956077,1.8306443302451665,1
1.6929816012479053,0.3384533227024762,2
0.9137698224480824,-0.908163011306805,2
3.0207018700633257,0.6683505319872599,2
-1.5968239270323967,-1.144812996735577,0
0.3862074039653509,1.219023745710991,1
-0.5329513375045822,-2.286195516141776,0
3.364155922785911,0.5293231409361633,2
-1.394048993347599,2.210558520222249,1
-1.4765467858068089,0.6140967967073822,3
0.1749423299458346,2.203833312072613,1
0.8400570639153113,-1.6721100366650066,0
0.0797695115651049,1.1777786843507845,1
-1.6564145328317317,0.1849602304661274,3
3.461485490983168,-0.2807407433582086,2
-0.9843209768715832,2.4083533178318093,1
2.320325405985665,0.0810122341811817,2
-1.8941549491493488,2.220565219336657,1
-0.8926735101843546,-1.6710173454217292,0
-2.013626803754706,0.617511415828719,3
3.873904208696224,0.4256472743985302,2
1.153200223795504,0.2177389757469069,2
2.4797593128244,1.0711145256837655,2
-2.038349602238822,1.7148405935976163,1
-0.6510703016522521,2.831604316106971,1
2.2237583128643545,0.4380546201534315,2
-1.1024914806808246,-1.5933547641675398,0
-1.5035556314263654,-1.125660895116284,0
1.9187922884814888,0.1949515580810206,2
-1.0830018030881767,-1.5733260785732408,0
-1.7522333339610974,0.9137672553587652,3
-0.5520331263583524,-3.1273126052217988,0
-1.576222545935484,1.742666801087095,1
-0.5184218925863515,-1.871736816201029,0
1.572418155617556,0.0619842435743075,2
0.8617553548976616,-1.6516385265442406,0
-1.361407413171353,1.2842526850982443,1
-3.3815757080913467,0.0088521816096659,3
1.4948086765969322,-1.3808347281126063,2
0.7502093513424979,3.161887237259076,1
-1.656492237185465,0.4101517983495837,3
0.2292884692726918,-0.1451579654191881,0
2.406377019742593,-1.2037749979500345,2
-2.119675426051465,-0.7269323662261483,3
2.792406604048409,-0.59125907726833,2
-0.8588115070969689,2.567758871444354,1
1.9230345195017,0.4820592898747929,2
3.2100282896105705,0.3237023335342248,2
2.081025956026371,-0.9387840086775768,2
1.7394592172266925,-0.6879788817797834,2
-1.5148850982729272,1.1827709182287451,1
-0.0164114248566484,1.068769977710519,1
-1.7380483868412524,1.773655919480593,1
0.2497651682508115,2.2886353646853443,1
2.455671534351985,1.046360573783037,2
1.0610112799115052,-1.2107151978833612,2
3.204155810106527,-0.7806668946789375,2
-3.6445796792513216,-0.0025931101508444,3
-1.1519958588472277,-2.542929881878289,0
-0.9819846884510062,-0.5896653465846704,0
0.1220335489277027,2.1438680216182866,1
-0.1286923069418021,1.5536397178263606,1
-2.943132476346323,-0.7420264067428431,3
-2.4701417082567017,-1.0433575738520522,3
-1.5451502729419255,1.4545320708775076,1
-0.7489546113313409,-2.3723409940263824,0
2.234321708582796,1.9153266252243304,2
-1.561367823609474,-2.079840674261793,0
-1.6255438433850165,0.4452278176346013,3
0.7094086044624037,-0.5316094717246689,2
0.5367796791920839,1.3896780311545658,1
0.7731414421609011,-0.6028209797155064,2
-0.4991357056045726,-2.927669591460594,0
-1.81483264098207,2.321309939794295,1
-0.899495777068395,-1.384744995980271,0
0.0958113974665319,0.8898972653539671,1
1.7167828323632448,-2.011070282049885,2
-1.2920067565144682,1.210095183790874,1
2.3103096895429087,-0.5680880981342326,2
0.0792017327698663,2.6038322929517195,1
-0.1968845815531238,-3.091428081237006,0
-0.9814923667993928,2.4119458447966773,1
-1.7107099860982231,0.6547657923600915,3
1.4868760444567588,0.560642960211231,2
-3.100775545353487,0.3654874655934292,3
0.9318573832425052,0.5768412477200696,2
-1.8625072300176244,1.615584733026428,1
-2.6944100377343654,0.0483770702202564,3
3.868794142987433,0.3503906172776015,2
-0.9992658481124372,-1.703861980088063,0
-2.2600935316638338,-0.4992321816353438,3
0.5955167541168404,0.2311987566463375,2
-1.323462662727303,2.945383195405543,1
-2.4712621307511613,-0.2072221306681319,3
3.261898090944099,-0.4553445988313558,2
2.2806781263721487,-1.5177611232660866,2
2.4819007515087024,0.7262229199282452,2
1.4189393014330562,-1.5179933301411632,2
3.474280076846948,0.8296841099002642,2
1.6366606847462992,-0.3543342001119453,2
-1.853237277371627,1.9499458225412944,1
-0.774368356023263,2.4384884796548407,1
0.5626429210376777,2.337179178561445,1
-2.9438314639625665,-0.3168770587708712,3
1.4627333120135595,-2.30410515839294,0
1.0891016872984869,-1.2569272830277032,2
-2.7210394574425814,-0.442572383285937,3
2.0566521622340592,0.8528935560592542,2
3.220023506265028,0.6467377350055942,2
-1.144791188768232,-1.9699218532040332,0
2.594293824999353,1.1121209839702966,2
-1.4643533018715709,-2.181811927741829,0
-0.6501197684921636,-2.2790940886773705,0
-2.403725206135171,1.250788753364319,3
0.802774298749961,-0.7845286695182835,2
-3.439747901309429,0.2575571639193375,3
-2.202913616748387,0.3015513246108751,3
3.072901251665733,0.79103884660035,2
1.5603998591701234,-1.669048194129226,2
0.7961111723665069,2.2957225477451497,1
0.4287028874517968,-0.9277856216057356,0
-0.5841656720904701,1.7303281650284943,1
-0.0892073715127782,-2.9972294694210504,0
1.7987335192283704,1.1744084824130894,2
-0.6725986656314185,-0.781593878321316,0
3.182836945425675,0.2551080957032184,2
-2.522425329905357,-0.4904886646133094,3
2.077572139848004,-0.1480162155077097,2
1.3013618415860106,0.0767148690201367,2
-2.0368029096116382,-0.3269442089456286,3
-1.2344379367457554,1.531581235567682,1
1.5351530220768694,-1.965942694625207,0
-1.7124470638078355,0.0406713764052848,3
3.189276672005698,1.393605126546247,2
1.6717884642956533,-1.2967948041804809,2
0.9169027539627234,-1.5996090584625082,0
1.0301783919724952,-0.2019684506431644,2
2.3191976896632305,-0.7304256506370453,2
-2.9799296716639554,-0.5812855007618621,3
1.3661602476414965,-0.4432612422037484,2
-2.5924187149656435,0.3483713392296444,3
2.4238209677127056,1.2302168098692774,2
-0.1461704206992379,1.8398933574851009,1
-1.4743914397999305,-2.563992469998997,0
1.3112181471961637,-1.4372526813830275,2
0.9128329613555236,-1.615153113535892,0
-1.7525230433772665,1.2195017380635254,3
1.3436934415596244,-1.5838202172077895,2
1.1159580593709824,2.432948173132941,1
-1.358349695040858,-0.8997435032975603,0
-2.5515754025805166,1.1490776482899985,3
-3.127629990778335,-0.645067751399207,3
0.3830409597238237,-0.2804365778870044,2
1.5756873445490491,-0.2279394480130282,2
1.4813204494610002,-2.287844683734233,0
1.0199145339964932,-0.5057994601096517,2
-3.576178788158466,-0.1522382620125335,3
-1.0158715217342695,3.3360448419279787,1
2.466373082283195,0.428467807535469,2
1.800183193999347,-0.2000569482366819,2
-3.077689180969397,-0.1642978336782937,3
0.6656476201956539,-1.270447998867511,0
4.000955099596476,0.4660081991612332,2
-0.649042170847892,2.1890049402932017,1
-2.134037440109487,1.5933105385575317,3
2.455115119865768,-0.0749241593052695,2
2.023404968140459,0.3670898207338161,2
1.3815743358179873,-0.4274208608356033,2
-2.7440310496965736,1.141164831835361,3
0.7122005491571128,-0.1587613902961375,2
-2.0236261540553047,0.993024466119112,3
-1.1037450874717325,1.9340889639422512,1
2.8140429440809807,-0.0193947927506716,2
-1.4729219107639326,1.5363936188795175,1
-2.213543681001779,-0.140411088904905,3
-3.2739543112640845,-0.413567883226306,3
1.64890705716208,-1.316812009191371,2
1.59464054154236,0.96467109385724,2
2.382081329914762,0.3489417534738339,2
-0.8581003838199364,-2.8318614054986977,0
2.0116706728698928,-0.7246497171341857,2
-0.8069945783642376,-3.126205685230924,0
-1.3393827608181867,-2.716873150719512,0
-1.6047881387642835,2.58808072784259,1
-0.2211243340361069,2.1417887744856805,1
-0.8420659421173262,2.9116144965092268,1
1.2001483353681832,-1.6154830020074185,0
0.2535067522113353,1.3746874752472171,1
0.8557797141409103,0.4986595688318682,2
-0.5738537421051336,1.6612322145846363,1
-2.476956862228414,0.9212606441903416,3
-1.5000589310107486,-0.0246768543731107,3
-0.3020101133058774,-2.6337785025600096,0
-0.9606538119322338,-2.385551961897795,0
-1.5229230465766426,0.5615352767907611,3
-0.1300151024926012,-2.144940706647472,0
3.894746009432141,0.6479018943985674,2
-1.8350620172788688,1.0052667780826814,3
-1.9063384137627288,1.0451718218565504,3
-3.1322486416858624,0.4115831842165094,3
-1.7148889000650378,1.8891387303393976,1
2.0967458948787616,0.0797386512155033,2
-2.189228971465631,0.7245518012662524,3
-1.8430008844583436,1.4038401864863173,3
1.1032114234849106,-0.2914125388972051,2
-2.490798292604804,0.4950247781572276,3
0.6428022055434632,1.5906241079826755,1
3.2329684671770607,1.1517213205956682,2
0.8137611283131558,-1.0109375534716525,0
-3.263448045281664,-0.4002242116425131,3
3.8054055949339207,0.2949367916311847,2
2.599671184387368,-0.4850606950973885,2
1.5937251302794162,-0.1117369098944228,2
1.851745799495522,0.9356035808680392,2
-3.0135494858224794,0.1536828673943239,3
-3.505972492814428,0.2595161226883328,3
1.0785815350150485,2.0845238645618345,1
0.2193695079436204,1.722843330855732,1
3.4736550040748058,0.8860293814574434,2
1.5452701927990922,0.3273687680930251,2
0.2566299127756071,2.683261694945417,1
0.974188471003658,2.2722705997614523,1
-1.0577192328173233,-0.9607777047097542,0
0.8409373879907559,-1.7488353382236217,0
-0.1384500949656326,-2.1528988003941505,0
3.0136586628782385,0.9448108831820275,2
-0.4376437454384888,1.81560870664744,1
-0.3679902147957203,1.975335209914563,1
2.8670054957434874,-0.2511902130233694,2
0.809414650799114,-1.344474447766956,0
-2.67021458360494,-0.1266462867270789,3
-1.1436349430191128,-2.8204362145836974,0
-1.3446302768371674,-1.1789279532793735,0
1.3103138973226147,-1.0620443954741507,2
0.7253281120903412,-0.9310363819662592,0
1.3116022293387195,-1.2272251545231052,2
1.100367330256684,0.7500115186091153,2
-1.6812775107211837,0.9640646187462036,3
-2.836666295278313,-0.6213606996815094,3
-0.7042241191325154,2.441507736822876,1
-1.0776515803607838,-2.4727888900972195,0
-1.8712991988666547,-1.426879177504618,0
0.9266406627878052,-1.8000868728264166,0
-2.3116577958046327,1.6903082393222322,3
0.6634645462319725,-1.7652781545049263,0
2.06278119507968,1.7390419742696828,2
-1.6922360735245991,0.9817664244816664,3
0.5448607317498284,1.4796200589279933,1
2.2939316024271585,0.510168627534513,2
-0.8382644181011834,-0.7352536309937878,0
-1.0255643205107794,3.409803018180537,1
-2.7589288777104666,0.5631370276068478,3
-2.0487963430549234,-1.6092851961744126,0
3.89881015660764,0.530016426027915,2
1.873511894238804,0.6646883469224775,2
2.473698448483203,0.718484359802165,2
1.3725494590030922,-0.037302373054989,2
0.8394692681147451,-2.024927645276912,0
2.088264106430783,0.9620753916259516,2
2.2361574832732933,1.330646583327173,2
1.8776380834534605,-0.6197517222244229,2
-1.548755503393043,0.6130407085812045,3
-0.7053228494845849,3.085287514353673,1
-1.5667165610506275,0.8179637982550547,3
0.0471878403541569,1.4469143864542613,1
-1.7069544724091863,-2.1437559371570254,0
-3.031182804602683,-0.2296944539233128,3
2.189154085485983,1.652322178505392,2
1.504197865341515,-0.1962024704195138,2
0.7096753953465739,-0.662698774733618,2
1.129295290550378,0.745530261597043,2
0.1988485742587562,2.230927961699963,1
1.5443819239592833,0.4031515622665484,2
3.5241298411958524,0.8602102769332328,2
-1.7278981042581742,1.1413722282373715,3
3.118328477556972,-0.5809427479192971,2
1.9638018751505872,0.7574753943941891,2
2.0803729554437145,-0.3897393482981942,2
0.2422943195545981,2.586230950699718,1
-2.197479123157183,1.5127352909169345,3
1.221524327161292,2.4718107491112336,1
1.241155499098435,-1.293688958159158,2
0.5368567941521168,2.388737119362794,1
-1.1722746703248608,0.3468243977848255,3
3.049949513898723,1.5452606144310368,2
-0.6308656490587041,-1.6952521996884455,0
2.309850029449483,0.354234464472129,2
3.619885900252478,0.6674471185914622,2
0.4322389063066236,-0.52316130261807,0
-1.731463809755298,-2.2403197509189505,0
2.195473095788666,-0.3933266966815005,2
-1.0812374330401615,1.9626752142198385,1
-3.103023043334219,-0.9277174889843848,3
-2.2108996492671458,0.393928047392183,3
0.6987789884618751,-0.835816354647349,0
1.5227007708473952,-1.1524123418627144,2
-1.1038343617648247,-0.7148849037050594,0
0.4311120143759307,-0.231036066501602,2
-2.5783652010197824,-0.6346725006523409,3
-1.3909440291242916,0.4858368629558766,3
-1.5093995187392415,2.386643136027816,1
1.351213533410773,2.312733933866137,1
2.375337687333583,0.0594740352586324,2
-0.9792240418473958,-2.0532448186085284,0
-2.548865616515338,0.4212753317498787,3
-0.8696377392070234,-1.0607779085034297,0
-1.18937815251128,-2.2692109672955803,0
-2.41928376342032,0.5445975129843028,3
-2.996294964382119,0.175597281880015,3
-3.1456566401325974,-0.2506211244626787,3
2.785006357354624,0.0226691788117712,2
1.216199555850638,-1.3172339389682963,2
-0.960181991282748,-1.7403928461934026,0
-0.453874176740082,1.571933966925172,1
-2.011462416475994,0.4586386667579369,3
-2.566160546671016,0.3993095954504038,3
-1.7617769645322268,0.7757561541281588,3
-2.5277592791817813,-0.1110247363972516,3
-1.9116077066535395,-0.4911143982485804,3
-1.3271131142592911,0.8642438167541471,3
2.076970640166252,-0.8715454476814588,2
2.159534670067168,1.0353170193756132,2
1.30769162690082,-0.3815986130145474,2
0.9974099386362936,0.3509234361016465,2
-0.9738060490892688,3.389470850076935,1
-1.20109637778354,-1.0314244698275263,0
-2.716513681327077,-0.4368243401421492,3
0.9488609543426728,2.468844756701294,1
-0.4594188129328165,1.7909294715217534,1
0.5241637333017612,-0.837721953755395,0
2.4611563427071044,0.4969862012659959,2
