PC1,PC2
3.278293981951164,0.10861484175221986
-2.5492008042534855,0.010507249758649287
3.2713779079957312,-0.17224346649413982
-2.204675243383932,0.6219015589627589
3.1222169929463663,0.48102083075529084
-1.9904501085040738,0.33771638451138214
-0.46421270698791617,2.423750916540393
-0.06671655824793803,-2.7027460048227394
-2.7491725155857214,0.08992789545977663
2.201979697525066,0.1790227311309608
3.874824971667804,0.08085857069006518
-1.5715204030579524,-2.291942850406459
-2.0514894976875993,-0.3435895654027404
-1.0994678987597508,-1.0036809749238154
-1.6179340946903225,1.2684239386145528
-1.5964966570857881,1.9534362331653135
0.11072904580298772,2.1310558229572916
-1.8394689693873607,1.7309135784438812
-1.7683145146136883,1.735215880956512
1.2984554407203244,-2.173011428813496
-0.6245870559807756,-3.190784526993026
1.195151231047885,-0.6974413450027189
-3.1800675577274533,-0.31765295509844926
0.7074691969922674,-0.9478855873471577
-2.1804145547750875,0.42847897656814377
-1.8954403330009826,1.573757454792615
-1.0062183130628624,-2.7002208433138106
-1.4285919190630785,1.4273180328915402
-0.8389209099875412,-1.6813449089279273
1.1904849090079992,-0.03722848441445409
-0.18240365229214214,1.2674851882813687
1.5904674344013445,0.3738159880369086
3.423676312718541,-0.5886250818993842
-2.7330889496455586,0.1872991827094447
2.432996568158497,0.7535238763914924
-0.36692462638642365,1.976542917165394
0.35537454029514975,1.7962043269990795
-2.411322340682937,-1.0574765898776266
-2.518098227320695,0.7829396261977373
-0.8122433472134125,-0.7085129193960376
-1.5743413550473027,0.8901052713314445
1.930615412643498,1.3099377114747792
-2.18510501822726,-0.49502555285482347
1.827694623448083,0.03103736330413964
0.18657114258642224,2.217013073809948
-2.5101805212575012,1.524239579763002
2.1973172057799344,0.7408345451547168
-2.277753739467815,0.31815754465523577
-2.7939767843838403,-0.49219444076151275
-3.6691428852644896,0.05227863862926901
-2.4248435741689436,-0.06638348825053865
-2.0634030057353643,1.683021069051648
-0.9388722360787854,2.2295573757409115
1.9225922649972609,0.2719768796097208
-2.1374808427113257,0.6211743237245752
0.41436202968330305,0.04503400341461005
1.321866924897094,0.4677659649700282
1.4757027581259483,-1.122741084388436
1.9615139264942187,0.02559263443688258
2.5691011219712845,0.8084931442473556
-1.8262606123782716,1.6616203999905146
-0.8561124533170308,-2.1903349830939156
-3.050490655931409,-0.5576402482411911
-0.9051877243428078,1.9497513742782449
-1.4698240241664173,-1.3842796974235225
-0.9029168867696605,-2.539064023513094
-0.21009389090285036,-2.828175942103867
-1.3370377905997295,-3.000615236876728
1.4217188649446095,0.4936837888008004
1.236720188969608,0.5968520688681047
-1.090037871179375,2.9192609194762973
1.0057701220540511,0.359514829386064
2.508155259711303,0.8244332358446556
1.5185039149674804,0.10040009046512309
-0.9650295956793775,-2.3185937539130346
0.9370894824464673,-0.0043485406552921215
1.4274334720466109,-0.47829190824073853
-0.9133796296133279,2.175866028677825
-0.870861888058542,-1.4283746551371481
-1.9262139540926575,1.0226454561779987
2.0580106920394448,0.854289657467972
-1.060955576349891,0.7790530877614543
2.8893573797260586,-0.02177868327604249
2.382488536447942,0.34932593730988
-2.362803762657075,-0.08429853613785239
-0.9020490986722199,-1.973935519351747
3.5006225371603894,0.8527291274338106
-0.9760506910551026,-0.876850531562598
-1.1897212772465584,-1.976280288058698
2.660245647439366,-0.7068766591519616
-0.8317700608731817,-1.3914930068766795
2.65831077530861,-0.15895341081800715
-1.2455370167550541,-2.6311823973586956
1.8283035691794494,-0.38319160657334606
-1.041284277530477,1.77689950545434
-0.8447294433813455,-2.2530357358785946
-1.726824297875869,-0.2009030028807547
3.8334846142415997,0.04469303222501053
-2.230245915766087,0.45278474070942676
-2.856701611939213,0.7615466324083761
2.4510960661131396,1.2582462304596898
-1.6480615467306068,1.0062511496765034
-2.924519573980182,-0.41486824758855095
0.8334485390512769,-1.888010087875926
-1.4015323007197549,2.846229451175203
-0.8208804350843603,-1.5972387555917917
1.0447721105285954,0.6928787532677372
4.040949491897176,0.5009962549785884
-0.753817128512796,-3.2330518522329568
1.673980415655913,1.416184120046222
-2.416497729075666,0.3528726111079761
0.714088574345644,-0.8200833656952591
-2.012078644383198,1.8342751841177756
1.0810500261626745,-2.3632029117180933
2.936809433941801,-0.46493201035086024
2.266204365957929,-1.3264014051175914
0.894981843731726,-0.9806397155741732
-1.1060483842448021,1.931163620556573
2.84303449779403,-0.2721606182728738
0.5982594974154298,1.45935748862645
2.658042311893109,1.17551111393881
-2.093571959238763,1.9672920683135071
-0.013817538123364717,2.295961138412924
0.30939646121194636,-0.6494010876909835
1.09277657692834,-1.3602386245015667
0.25446795092781926,1.6818397012464317
1.0445516889273523,-1.405736967370508
1.067083350024736,0.715807034095527
-1.768403259550988,-2.275170713188887
0.5323660363272611,-0.8299833936293145
1.2341825160871687,0.8875275073678272
-2.9659350312409676,-0.34495009091062045
1.8609151398051744,-0.14275867326059694
0.9958921186053122,-0.9588749078337616
-2.204309069256874,0.09533479017059986
-2.689835014618404,-0.7610091808914919
-3.6129343622585366,0.12366728160256239
-1.8458426645244361,0.19554747077792492
-2.307285959511886,1.0506855287079246
-1.394016279670792,2.8557753085389934
1.3357587452612527,1.0686085654834956
2.150876628492629,1.9062694107142277
1.3692667789442066,-1.5614480469015002
1.4452110903921764,-0.25185424324111366
1.1505214316653558,-2.0276196956548445
-1.1815474644766677,-1.5979014972033225
-1.2230874640178033,1.2074231321427458
-0.32811978893510513,1.939740008428551
-1.8069293376901907,0.9325595733549483
-2.632576117813767,0.6375449277481761
-2.5195261888542593,-0.5679860568020824
2.471612216732243,-0.5970897584356503
-1.4016547473024241,1.3111029408823136
2.7106518840215537,-0.1903805038953273
1.9761094705252082,-0.8833932607181488
-1.4341026920266429,1.1919247421011527
-1.8793972642830035,0.46358048365238164
0.3741727623846472,2.123572522196995
-1.932164160185629,0.881940459560163
-2.0603001964558483,0.7191989880516708
-0.9389104972698846,-2.3418919688156463
-2.900291551827428,0.9427033779333306
-1.324604119293511,-2.4081767536710372
-1.1617065753133367,3.1508244159821728
2.8183464056845104,0.255857566254733
0.40031134753216485,1.3157919449021616
-1.4596280660581615,-1.9603683460362613
-1.6302387113013999,1.4388784777195411
-0.7835574912386261,2.104230033767542
-1.9424948366073171,1.922651347453513
3.337047525380199,0.6837052459724193
-2.080155995045802,-0.6821421799235728
-2.7652807410537465,1.200244969345748
2.1689328918442814,1.6315417459987063
3.0965091603913373,0.1736611224613503
-0.9885459061826973,-2.6139743481476883
1.948142986055628,-0.5532330351832208
2.7118356215753647,-1.1405741817863626
2.0966833711196315,0.36278501102821176
2.0016909414784934,0.28654136574607697
1.970785679619131,-1.7888624852483173
2.5368601552598036,-1.2936469259872916
-0.9641166192130811,2.434014224723719
0.9358079473587146,-2.2154562132640425
0.607712299157456,-1.608213113614278
-2.8198488635701056,0.8083521265792194
-2.1481220035866078,-0.7591728989222574
-0.7614188081444795,2.046278976160399
-1.723964161388686,1.3326527486572792
2.1317119109450933,-0.3448267958788009
-1.1429704697408751,-0.6784077338077475
-0.015256991656183707,1.7629872363993846
-0.6617141506190274,2.4954982849234546
-2.960501504411146,-0.7467054517688526
-2.541893667742839,0.8387864894397433
2.2129353409997674,1.0134989142698392
0.7436654602752191,-1.7630518389977392
0.7602842147273974,-1.4737984637407813
1.4601744415878422,-1.087052937771265
-0.7443903821576174,2.3904938539217593
2.601011793837873,-0.9627175699125692
0.8466187117416359,2.7398123662784073
-0.9460881509010092,-0.5527760516697018
0.7211354945365134,-0.2262749684334087
2.0081042695608455,-0.85320738788592
-1.5416989676215564,-1.0881634972664473
0.813297777449142,-1.6973564030337798
-3.018883436244324,0.14690838797485967
-1.3586605714838367,1.359831303002817
1.0675262813302262,-2.375033808797359
0.9714777213198594,-0.5555758449512471
-0.778138997361074,-1.5533152574252058
-2.076682082997638,0.3758052593108519
-0.5855196703695618,2.2696828315613664
0.8963548560262926,-0.7696791708267092
-2.043126492446121,0.7410107589097942
2.365918116105788,-0.23251831959344585
1.4717550929998011,-1.3592323833643718
-1.3228868160314622,-1.8198453696280033
-0.9907076673308604,-2.6866517575641313
-1.158850720212687,0.6681015477176777
3.5980508072202437,0.6631537596852942
3.514007850228214,0.8506605644372186
3.632276613333552,0.679137283888307
-0.7931612549651565,-2.697153625157866
-0.23725776352139896,-1.2907586646164517
2.29189380771908,0.5080744754214362
-1.437687703664027,0.9642013936274721
1.7255567564979812,-0.8366748434792155
-1.2382733958005487,2.408404112358875
-1.3277201424995686,-2.352173505423108
-1.0814634804571885,-2.969155781078821
2.0659814182371603,-0.5154971565443024
0.20290164100872193,-0.0955789207631393
0.7349352545955259,-1.488183106552307
-3.3681196058907847,0.025942345599677934
-2.451928679766737,1.1814423710383142
1.9066095031745571,0.9919845992970309
1.4744761398165607,-0.5073491336687701
1.7924703662329153,0.5814055282716527
-3.56293002243406,-0.22148011865211686
3.4461490287704706,0.5302664323020706
-2.1144290034292235,0.19720227132768767
-2.0966494504244846,-0.7008353878060077
-1.6572915758408624,0.7153086819343811
-2.889820401660753,1.0420711392640158
-1.786297562958893,1.181222669113259
-2.1060896158782048,0.20665389329071646
-0.4781484208727112,2.492120302345651
-1.0628514675709246,1.9860266394914767
-1.444311495606529,-2.5311947662622942
-1.2010846294819666,-3.15545396226019
3.0059173873505562,1.220612633515002
1.7278399002075489,-0.47797524726654406
-0.6561918063223969,-0.8414288987106386
-2.565966198132941,1.0447316710222827
-0.41845607864209655,-3.285264153289244
-1.6284522558630279,1.267675211959352
-2.8921930120856985,-0.07216742120616694
2.0939854486934966,-0.6987415816912655
-1.3611160578183035,1.3570483254248145
0.9757442784863128,-2.455326911250007
0.5668084259592299,-1.0805936609986648
1.487982197972296,0.1450442029556147
-1.5436694782283822,1.4614237888384813
-1.078917779428689,2.2882089517638877
2.402161027703087,0.6077226224066395
2.8656075018491856,-0.8020291326754363
0.08497019365020704,0.8776101568020295
3.181741740748782,0.8937256976350765
0.8820632279964584,-0.7097225882995055
-0.9586133388914581,1.7958285248953594
-1.0376979510687157,0.8054126112361233
-1.7017134753611338,-0.17244311896985687
-2.2022391778770642,-0.12759889024391058
-2.866714775801062,-0.5746335878834858
0.3813618164253159,2.5185664155334084
-0.44249720257326264,-3.031487945939972
1.8232355552992883,-0.8894972878121089
-1.5021831324852526,-2.297383612063812
1.0916779912393753,-0.13876801379466638
3.410523569835645,0.4699217434583876
3.311630554634585,0.3766199547042262
2.382023157552879,0.3488868700686844
0.8343357495180441,-1.754610610257576
-2.144640880360946,1.257255829187799
-0.9400879332230174,-2.013026358795848
2.9292462143887925,1.1482763055279515
2.4246909746009715,-0.10362818019846164
-0.47381811261823964,-2.186200387863198
-1.1467412170807156,-2.225394861545049
-1.3279816531140978,0.5571966087767436
-3.003439611954718,-0.47865214566268116
2.2950685307295693,-0.5824675502834034
-1.3875698589336696,0.10281502410596609
-0.33635823839063644,-2.9386350285785294
4.077943550868449,-0.016256373912909083
0.4092797095231704,1.2451732331420373
0.9907729507596102,-0.9637046474869181
-2.545231234275747,1.1571351730540582
-2.3501191977479103,0.9962844060970757
-1.2727660818428665,2.6871836775458644
1.1849393029258712,0.5436391267127424
-3.668738798111319,0.05279185676710734
2.6033426155123616,-1.3062727203710631
-0.5870565768137704,-2.5027017207131634
-2.9859993922035284,-0.48454770506043515
1.6095843700499297,1.0567238390631297
1.4439325867158919,-0.0700547319655882
2.1951066560283814,0.7387489757590354
-1.4987189074557143,-1.337278070752799
2.8397543372670735,-0.4790518932505473
-0.8806703830058334,-2.794410207725966
0.09458013392563826,0.9692849819353455
-1.0004117379719308,-1.5505999984050995
-0.4376901842678901,-3.0272826507696164
1.2028242640148001,-1.6129583653705413
-2.3602438866297955,-0.387460077308233
-1.0512034875952572,-1.7572360108675082
0.5702378040184624,1.8144445336745199
-1.225875615236739,3.069325375693467
-0.7632924881424249,-1.893097725451427
0.9859170600807924,-1.6220036358857093
-3.1853293367740023,0.6667547150629423
-1.6607723462587076,-1.8737921942494886
1.1075693243009783,-0.7090037757323957
3.6765594071370256,1.0066429306688107
-1.8152617467735368,1.0304144668367534
3.941149759473338,0.6884970104430627
0.8860045270083694,-1.0625496601611797
1.0103773537615808,-1.255010973677769
1.265390420248732,-0.1768390450859422
-0.22393810362232347,-2.8402871921944897
-2.467781681712515,0.20166981785563284
0.6671062806399751,-1.5521771569566316
-1.0766341477999999,-0.9802157320157493
-3.3172777469834833,-0.5546602791632369
1.846296031552594,0.05015321336196921
1.941640522383477,-1.8851456182210216
-2.1554890519837078,0.4567288244354187
3.04408466203411,-0.3002988132093165
-2.5945034129466387,0.04072460982957431
2.3686658666112583,-0.1375337792814261
-1.4185313819301315,2.2655329126299315
1.871855506276638,1.5428360301367927
3.1964004872405263,-0.787451437553777
-0.5019140383786805,2.3758676642800896
0.619589531180468,-0.9573565123340797
0.9780091146149827,-0.5488638189477957
-1.7522558977944347,2.0781990351870596
-2.674329443295286,-0.968715248143345
-3.1682047032794856,-0.27925869655405
0.8568446599957947,-2.2845351952624102
-0.720872509843121,2.4203631495439426
-0.5888408800640663,2.9106399093340527
0.9999179936616208,0.35350085408697157
2.3457972010155954,-1.460793391358342
2.321814138257531,-0.93215843020575
-2.4381283154406566,0.21717680877548184
2.6464703632756437,0.8814880730962001
2.9102369062448004,0.28102570239048885
4.053308164257032,0.3077862069551371
0.3211465417274198,-1.3123662809450318
-0.6580620005990787,-2.3956453317755533
3.89257889260898,0.09639012751924379
-0.649575179185523,2.833503223216972
2.3660381844053187,0.5842693946126161
4.2059384249461695,0.09571661882308156
-0.49439263933167293,-0.9684382951422026
2.2292049513116563,-1.2879831336889744
-2.168291042760225,0.9906995855265686
1.835303245064332,-1.7033640641882297
1.2622187483937688,0.6230558183855787
0.5182669265060548,-0.1414707915115469
-1.4425067380511964,2.79418913199841
-0.8546143935042047,-2.5454671579718693
0.7897907132215918,-1.7935796788362004
-2.2182578646300164,0.5185820179707196
-0.7327189534672591,-3.0105729498238336
0.49418613324983196,-0.676088522880406
1.0099842517771238,-0.5890339803757405
-2.978603642111781,0.843241702820288
1.0110256354893794,-1.5108077089306065
1.6505100582716947,-0.624373192904221
1.5895199298473117,1.0361044951805274
0.7283249724902279,-1.8473513864144755
-3.014939738981661,-0.170670468432698
-3.067262090895125,-0.5766485101890597
2.4109445524186546,0.9237009900014096
3.378538840998892,1.0793962572558582
3.244022015252417,-0.7457909800661252
0.08130953972022649,2.097712601032163
-1.2190465423481651,3.0779987622229332
-3.2472682023164587,-0.05708709197061335
3.377721217719179,-0.6288277037279801
-1.1238848328317164,-1.908623065943908
1.8239647142679565,-1.988091243991316
-2.0277865707026805,2.0508439811535655
-0.9213523841743819,-2.900786049107522
2.0576664085587497,-0.33881733256305435
-0.3931680946578093,-2.3197753313498577
-0.9723118933839229,1.7784304300226441
1.5029364961187563,-0.8241083952220423
-1.2859580820135519,3.0790852501576036
-2.428615134717017,-0.7710129141752639
1.9502328396861683,-0.26815598937997986
-0.9406863647003851,-2.8363379406170153
2.625792829630422,0.08610375140338339
1.1330086480109147,-0.09629431324482625
-0.4860167416312357,-3.069559884882254
0.2803200523359785,1.7111397293318211
-2.8255817119766586,-0.914860582845238
-0.05184081588568245,-2.9645403082968227
-2.7076588797730823,-0.33950945136281685
-2.5215567910505507,-0.18344145663590616
-2.5644744445665344,0.1649321290316283
0.8632432421522105,2.3718081045475317
-1.1536395734985911,-2.554380545336988
-2.255279942898902,1.1167367030477007
-1.8839604677737944,-0.15371698196767353
-1.440632547069594,1.5062190024265456
-1.7120221796696602,0.42799895414946365
0.44063692443230046,-1.482737009985803
3.1861003164927593,1.1809431962391486
-0.7573188223821599,-3.5817094274981485
-1.6100233165539528,0.4628183362880162
-0.5747977344164182,-3.3512493432899784
-2.8601580024791327,0.3485004725177036
1.0080588450333476,-1.5136067625932312
2.598437397949292,-0.2962505924287255
-1.3303735198078939,1.323667838084218
-2.97540702746355,-0.6795677894944061
-0.033877808782949374,1.0489740805990646
1.8765581100974549,1.6243643185692702
1.5616522454260098,-1.0475504067424855
-1.8755539521654452,1.6850831987349304
0.36677244643705154,-1.195879791113836
-1.5620924835126142,2.3197194908537155
1.0149367059564725,0.6622182184839711
-3.028052090879664,0.12713887776402474
-1.4046514806967356,-1.9319847807890218
-1.3656212015471207,0.4337538320454701
1.7604359142510266,-1.4940518444401791
-2.5651031109686953,-0.9257044603035008
-2.6415098127991468,-0.255495642198704
-1.7714459138283916,2.045701715157838
2.7661802660811703,-0.06458658719523705
-0.5908835120621244,1.7227143584471662
-2.388238894687683,-0.11312598312509022
-0.9509475075125806,-0.5577697990162693
3.9260417724186762,-0.14914370129613239
-2.4475075705622116,-0.009099614222585553
-3.0023836924569047,-0.3912423669436257
-1.0235895863598174,3.326242375495269
-2.8283082397708235,-0.25622340472360644
-1.047123815512717,2.973764685714714
-0.6226642486586265,-3.189102408924884
2.540785603330406,1.1383240693513872
2.3298469003410953,0.016555212431718196
-2.281367616155283,1.406191205501725
-3.088364776851596,0.46731867398573756
-1.6848979382613107,1.2820540496640316
-2.7324337484005934,1.1558941923913175
4.110753430095489,0.28725445765109714
1.7659196728502735,-0.2323832738697413
3.0330138936266566,-0.3807700363414854
-1.6432658975459646,1.5714485004590621
-3.446957009474259,-0.07418651309255438
-1.6180619231269864,1.3669403296624696
3.6795543847914525,1.0800492579147825
0.6514492124989609,-1.0007383065061326
3.1156070620137504,0.03707866212661648
1.8742503948557214,0.07888068465674118
-3.06034720136898,-0.8748742043343031
-0.7121754173642614,-1.1922440902012854
-0.3689514135122046,1.6681829839153481
0.13793644503661281,1.8558290755887523
-1.8330556036128738,0.21003995778790244
-1.5825227622991997,-2.0866618273172026
-1.2989742929348849,-2.8912635897149683
-1.7949525198074872,0.733620945011643
1.899730526777251,0.25040770138596485
0.7419122759978939,-0.2391328338977878
1.7300434937524654,-0.9710239435147275
-1.5618826720719277,-2.646537111343855
0.9027413038486797,-0.15055153529879378
2.6737532009987595,0.9072283901113184
0.42543927271183185,0.05641759951646347
-3.6053832253938283,0.04718904921946031
-1.009298068862075,-1.7908672817393572
2.9820074708209097,-0.9750076021516177
2.075630030715747,-0.39388857286627793
3.3875034054449253,0.47896183122373753
-1.6926049389480267,1.508784565829018
1.257643280803251,0.9116371047722246
2.110939951178208,0.09313020207198301
-1.2218174502479304,-0.836130941431405
-1.3237750855195989,-1.8207582051644724
-0.6362935193573934,-2.3394897384457702
1.5544594099907623,0.9233787098840075
2.962942193039421,-0.3712841956849122
-0.38340384065596267,-1.7443524328490239
2.013208826967159,0.5916610842052266
-1.437271559983523,-1.3508269598223208
-0.33127022423215685,1.9361693956869623
0.09768423929185101,0.9728030856660285
-2.927194980137709,-0.7239633069912771
-2.5765619433458893,0.0635114951495903
-1.4975838170282727,2.7242374998110637
-0.5141344612536695,1.7289163296421035
-1.7474963311869214,1.116481148552219
3.307905214712259,0.13451946000160758
1.5828021646076649,1.245788607328048
-1.211637140212732,-2.21538992220535
0.16538531792153424,-0.1341327981269639
1.627924521774308,0.9988755783708285
-0.8348541238036642,-1.8281865661182464
-0.37446406991936243,-1.8093582886499822
1.9491756669733902,-0.9088042773023703
1.7801281507458513,0.1375674203985791
2.179673994057068,1.272600982449326
-1.537437874269671,2.4371012088225212
-1.7098050969736054,2.5407707453791186
3.0653157202303216,0.9935473469547895
-2.7725682645102716,0.13715777064265272
-1.0909052131783745,3.3268156452921014
-2.551424051540057,-1.21626383885651
4.171968828921536,0.0659991996192385
-1.0913309500695196,2.917618621435215
0.8475453103584158,2.7408625464965217
-0.7664207414923653,-2.745365158983075
1.551158319215201,-1.1275169944542116
-2.6155713611603058,-1.2081833590850926
-1.505619858476785,2.8000998704287596
2.124676170228199,1.509365428089327
-1.917227957166289,-1.5507737740708807
-0.6981334670584799,2.212724348106537
-0.8978829754507399,-0.7198253746432993
1.1790053055299676,0.8308243116906698
1.8766765808775756,0.3746572629190868
3.7784161664421254,0.5461337512759722
2.906697517370073,-1.0408905598205156
-3.0763936999403136,-0.8938964137008475
1.1910631808704877,-1.371750629075734
-1.3426048601720413,-2.648905671893866
-2.7941934785300897,-0.2671603999107737
-2.507843075430069,-0.17179849376250428
-0.9484731534858291,2.539951178218734
1.0831314365254223,0.14573236078188068
3.1447296969950784,0.5022607085481499
0.2899805773542756,-0.9852246426933265
-2.6601839321751735,-0.3652817317275045
1.915275601591746,-0.5842421590926918
-1.5828857069134368,0.79963815344896
0.16296633752080456,1.5781344047076435
-3.299338679521673,0.19936748422041511
-1.0274394782537648,3.0848338205881096
-3.7162091438279177,0.13482683812623122
2.89271832252353,0.8307082838762033
-0.9671836448951203,-1.7475881380691027
2.785161976799153,0.4461276245369074
-0.19098319365168084,2.095166680709468
2.446602467526095,1.2536283565693151
-3.21733833220464,0.5400324269854812
1.7140140669969202,-0.7102389108815303
1.9189339754985126,-1.8342236024858816
-0.581790367670291,-2.004962744602824
3.143074630839593,-0.834102178643584
-1.535814497181018,0.852987308529167
1.309904738187904,-1.8174010988666505
-1.6934987114883868,1.2863982179574067
-2.806190717792958,0.8256988996381506
-3.1453333704100612,-0.2502105499524081
2.3220178070690487,-0.7279585441371037
1.9657155778705309,-0.7648523389627813
2.4933399394725266,-0.5780818242656452
-0.6392705176108167,-2.928822011712129
-0.24663191507459126,-2.1815240337782504
3.128244884841832,0.25215624503591494
-2.2977368951673673,0.07022957504960474
-1.943517888564172,0.3909080125588717
-1.218480820333727,3.0787172676159065
1.696700999521092,-0.10357903022108118
-1.3843411480715166,-1.2197370713803581
-0.8054092781456997,-1.9328333107796696
-1.0558719926259257,-2.66190583959518
-1.1989427278590226,1.8992501822282477
3.2819013194987527,-0.7126532541237264
2.962770900422375,0.04748417402263505
-0.04220605589653364,1.9577235779575257
-0.14377621980355523,1.6173272401469299
-1.0658494075428935,2.6273942917744333
-1.0849420800713965,-0.9887534290921394
-1.4116027326335818,1.8656764588817003
-0.8014333008496878,-2.795877952257729
-0.9824146137466601,0.5620063244764472
2.2669403930477774,0.7757142406773131
-2.148157193080012,0.15897571138832683
2.554088586043829,0.024678473089740968
1.6460556695615698,1.0175081625564097
-3.4612857465733926,0.2302026371725616
-0.745269229830026,-3.571168154271125
-1.8084300331839085,-2.4296435451873624
-0.7356861515260581,2.7241364380436526
-1.7787258162363733,-2.2115954587508893
-2.0689793412761697,0.24871361102619455
0.05043279527903761,-0.3289600854977009
2.8885486854613336,0.9002145788994211
2.9814064990070515,0.12369849523213232
1.2033613243020505,0.2692873354534139
2.0795343832624504,-0.8693026235906028
-2.2785553629214963,1.0871753383082206
1.5450681727815114,-0.2594054259172084
-2.0622615013045156,0.25632741760752326
-3.1205113552665886,0.017834026308553224
2.932847696951299,-1.0180137540937837
2.2418075916481435,0.7498863646160324
-1.1883993498661483,-1.0950719209868094
-1.6077629936207218,1.2939519806166673
-1.4792546171127565,2.4249292091105454
-0.956338039741284,-2.029725879492435
2.6332387984639647,-0.3849086905679573
1.0973644031087284,-1.7285285327975726
0.8048644642960612,0.15305290951989958
1.691843721619105,-1.0044420224684838
-1.0730849697235758,3.3494485651707655
0.9254643392689808,2.442327706193907
1.302713387471861,0.74136600931697
3.2836664543738787,-0.09070690191881452
-2.1700712544070986,-1.81060972471649
1.5785504063843359,-2.202785580088516
-1.8291255391854757,-1.9701057468044587
3.967556313364185,0.7115980985788809
3.2358519689004686,0.6211014694506479
-2.169863060374931,0.7465005678248415
-1.5777679079803502,-2.0817754723866897
1.5182842797116889,-0.7491231728090498
1.103126905946263,-1.0673681351670963
2.9267228090483064,0.0869143630239228
-1.1315462836098313,1.898779556058983
0.7220876727169283,1.9057636115476224
2.8644783818335218,0.028189119513951137
-0.7208035804742388,-2.7253411346003045
-1.6194247555089327,1.6017283705915155
-1.674549769775238,1.3078744034178444
-2.4343371758724826,-0.16537244897627684
1.8969733013781265,0.45747152436781374
0.8717302829167376,-0.6580819060759567
0.26674156752964284,2.3886591225526685
1.0613931306737814,2.0650430215158138
-1.0423192143214803,0.49411217337535723
2.2338061816870494,1.328230253965931
1.9328476374703896,-1.3432219243301071
2.5457228928212126,1.4321856929076864
1.2171922293663262,-0.5963491312904677
-2.515182905186528,-0.2570006730067503
-1.8909445574993478,-0.4676953793846314
-1.1771700699464251,-2.2101352528961846
-2.9147322287420194,-0.7098383830576395
0.6943785590046991,2.5672677564422264
1.101190541264478,2.1101482618838237
1.1975910649130932,-0.029925800122698912
0.8694172639894554,0.589369908837067
-2.8556812968788385,-0.6135766668136248
-0.8270041158562106,-1.503705616910035
0.5840899688357207,-1.3473945328871195
0.8612913434069889,-0.4462147207200211
-1.3851917896546646,1.5766325309379465
-2.075152951908891,0.5477794493459289
-2.2700969534821613,0.5388115424467548
2.6172227194402464,0.004577990652423358
-0.9417982353665666,-2.9186725712320998
0.4084334515432335,2.774528263807613
-1.0391224490935898,0.4977352951278516
1.688388968652006,-1.1548465825876086
0.6436992956295325,-0.30585274873032825
-0.2848241738692147,1.3766843510740994
-1.1255545217866083,-3.07942698794421
-1.217682624469221,-1.341752720465354
0.7410954324464101,-0.20576301696686103
0.9974325725738704,0.7209256185047139
-2.5216224473531677,-0.18929923226278683
1.4797176380536317,0.629982209421441
2.8748738290215874,1.1704182219071457
-1.2434196873366423,-2.83884993779719
-2.322876028585739,0.38570984208441034
-1.8722101022923678,-1.797794195444155
-1.9280020625079777,0.8872266063798964
2.9314698183320864,0.30105814527005864
0.18207772868874003,0.9876690436604088
-3.654560631934622,-0.015269598155447954
-0.45817560968731824,-1.4410906024471983
0.640831206928144,-1.6490850753138915
-2.677284513792776,0.2581746075448997
3.3578732309343047,0.7033535050159423
-0.6564069556658522,-2.598219170378329
-0.44563956507625424,-2.3692801627947127
-0.7799679848233271,-2.5022916172957608
-1.5726702518602882,1.4233417183995127
1.8238367027708917,1.4934892149594177
-2.8199529200765707,-0.2963554099743511
-1.5881955033149704,-1.7225125315891443
1.878214498059621,0.7462166353549551
-3.1367556588240237,-0.0027973428325421446
-1.1491179373270903,-3.032985181267698
-2.578136777042398,-1.1657560782732748
1.2860038662201547,-2.113118116714932
3.020232139771015,0.9510127079639218
-0.8240840638012592,2.934452703643027
-1.8695898191369325,1.3700704330165636
-0.7662919232188554,-3.589559311816145
-0.2790100622457709,1.995399559988609
-2.6397864598814906,-1.11396546201359
2.2977501781778233,0.34281871620103144
-3.544446882695786,0.12458234440546066
2.513670306164352,1.0292677349836927
1.1094363964342469,0.4660481061128445
-1.5142374985732552,-1.429921474246992
-1.069484325306542,-2.6747485564001643
0.7542714297483843,2.9412114443135113
-0.07786280831209917,-2.9873049728190115
-2.8218641770721042,0.007541257348709233
-3.3691942843659404,0.3471650507858866
-1.420275967632148,-2.4297988808596007
-1.43659229508083,-1.3501289091179618
-2.144558413982516,-0.06222517166629494
2.3885879316511613,0.9212911812862946
-0.571092371735537,-2.79839188195614
1.3755918274099939,-1.166853408858648
-0.5648083893977087,-1.7058355470813098
-1.5116898275742288,1.824627737699855
3.4878860124697115,0.01716302797865748
-3.098997561879539,0.3677456253999171
2.3591701221273627,-0.23888479459078862
0.5454053481835414,-1.3838919973115413
-1.3928337884399975,-2.4870459359793884
2.182608243808941,-0.5751094208763557
2.701286133758394,-0.19921673212439792
0.12807989959904167,1.5385951194956402
1.2467226402502138,-0.15601517839337203
-1.0567081782206484,0.5585873308595125
2.1156545850379636,-1.7329139330541639
2.716927266156914,1.3148416139210921
-1.4245248597351297,2.81702733913221
0.016888065585454144,1.4125734933219232
-0.8808544801106738,-2.287118330476438
2.4359432336684543,1.2426743301316827
-1.5642258852227564,-0.09740183447752655
-1.298739801844823,-2.38159713069737
-1.334740063201069,2.049365960259201
-0.7210944013866418,-2.0629505997419106
0.9002843165548371,1.8016637307208088
1.9783156688795147,-0.5982064481046091
-1.6480367301104981,-0.1923906352059655
-0.3067303163954346,1.7387025855617237
0.495067417521777,-0.16531190787580635
-2.002693725252204,0.46977550034902577
-2.99526838966079,0.49948872138298234
2.4454599275223443,0.7425832605245777
0.22422010807567605,-0.15036649759786658
-3.1100782116762913,-0.6140904122381813
-1.3086540293980837,-2.6907308919459108
-1.2666053468328171,-2.348573962760389
-1.0876864706524787,2.277072118172799
3.9664033057001995,-0.04304821292593287
0.3575983769754216,1.798724759522554
-1.9970210439225868,0.7171151016087979
-1.2693822053633936,0.23676551092644618
4.051018215954059,0.23499665633415034
3.065195024109309,1.276538823362349
-1.9173452256031207,0.6642425826211288
2.83734352458141,1.0686091910216682
-0.9852854931396197,2.493197005861674
0.45609258426231464,1.3790127940326429
-2.165838911551859,-1.8062603318662538
0.7373381347235823,2.3098940727816304
-3.184309021713627,-0.7083685841590582
-0.8536695664347362,-2.8415754931089214
0.9165537197914255,-1.5999383588934055
2.295499136817988,0.5117795137753415
-0.8564745416800689,-1.3413605538712376
2.7393831183215904,0.186778584256365
0.24856909420332204,1.4498744709561384
-1.4986594622648117,1.4325208778329803
-2.6267497701661764,1.5185142595517942
-3.080549537957011,0.7998321782043868
-0.8557145285073918,-3.1181724355826548
0.6122103440158234,-1.5305291912237835
0.6657850769164146,2.1480147000673724
4.414306645089718,0.27800214680741064
1.3893218722187672,0.05196194782205116
1.8227815461978132,-0.6715067732804078
-1.236777663883876,0.5797813913742645
0.8328736620463368,-2.305505600511915
1.840218833166575,-1.011600895147396
-0.8548514343489834,-2.262585448374609
2.247480333312242,0.4624326985979668
-0.4505234662117295,1.8010112016156508
2.992769159420641,-0.6907850577689741
0.8696681635181376,-0.43831151037849214
-3.2353529241975134,-0.12802256846506238
2.7556062283051688,0.30153380546534325
3.5931622748538596,0.7296634028518837
1.890253984376975,-0.4852737456959575
-0.4329905577896513,-1.4919046598878827
3.008926773330996,-0.9514579491976289
1.4891338335001025,-2.006201387056074
2.351214508208512,1.5255812631139658
-1.5727361492083105,-1.196754674544841
1.3772324797553328,-2.378903341822991
-1.0330702443822932,2.023850816250151
-2.673252125054854,-1.2735570776627083
-1.7051269347352744,0.04896780012838774
1.5782004532050982,-1.58268955775856
-1.032871915902632,-1.5812249384785244
2.1580786225369235,0.4472541163727173
3.4259075231191076,-0.03705724441778907
2.8394949627978536,0.4973887249465468
1.875064077934478,-0.9787257354628417
-0.9595079833204374,0.6687512357397032
3.4596553531193126,0.6128683383205527
-0.7937022118110902,-1.5652426029327782
-1.8543066629472116,2.3572439392881797
3.279980438372999,0.629864625520753
1.1286352004379774,0.779061167152053
1.3623446725844701,-1.5675036719468114
1.6040597176713924,-0.12208677734404282
0.8439236609923497,2.349911846999848
1.471446825601399,-0.2271018275186861
-2.8768501708053775,-0.55439388567567
-0.6610879997112818,-1.5135663393858854
-2.5975457923871264,-0.6564112311673068
3.096734974375801,-0.8746412240858079
-1.006993468396025,-2.4260910073400193
-0.7624463085745573,-3.586195075679861
-0.40267023356011916,2.5019140389331502
-2.911541531523958,0.6058275195430568
3.542201848412607,0.9598899572471669
2.8375796262529622,0.21247632935875493
-0.9969737828887455,-1.1916355674667178
1.2121987532532486,-0.2315017848580504
-0.06720075888732117,1.31726963852805
1.0010518701601772,-0.5251837912076194
1.4663779463618671,-0.3402719152067905
-1.9731385975170705,0.8299001403833699
-1.5090872677244382,-1.6412164726353409
-1.4622888969395333,0.9363191088365374
2.0065874367546415,-0.5715331132019487
0.8329167820444285,2.418220162280121
0.6066070242816795,-1.6092558983121188
2.0332889158911627,1.4921463899590277
-1.7927136836266486,1.0590520389281248
1.9456184762169646,0.7387891140005808
1.2960774912356876,0.6578509611874708
1.045256339981571,-0.4797567992162602
1.5258013921800475,-2.24893168575788
-0.8994790315442782,2.1935207326194592
-0.8436985366743979,-0.6641424069186669
2.616394252415065,-0.9492606253674327
1.0541706876127797,-1.2874857612656174
-2.046051310025966,2.027646521323279
2.062952243927474,-1.7082329591820404
-1.4387572247225515,-1.5689413766301767
-3.213120435734651,-0.7449610373869217
-1.4063091909270542,1.8723996164873808
3.3823243959185323,0.7998624353727175
1.1966167786281343,-2.536910299023803
-1.1002167379697407,-1.5713220214476706
1.1611247507435905,-1.0126493802330383
0.314484855956077,1.8306443302451663
1.6929816012479053,0.3384533227024762
0.9137698224480824,-0.908163011306805
3.0207018700633257,0.6683505319872599
-1.5968239270323967,-1.144812996735577
0.38620740396535097,1.219023745710991
-0.5329513375045822,-2.2861955161417757
3.364155922785911,0.5293231409361633
-1.394048993347599,2.2105585202222495
-1.4765467858068089,0.6140967967073822
0.1749423299458346,2.2038333120726135
0.8400570639153113,-1.6721100366650066
0.07976951156510499,1.1777786843507845
-1.6564145328317315,0.18496023046612747
3.461485490983168,-0.2807407433582086
-0.9843209768715832,2.4083533178318093
2.320325405985665,0.08101223418118175
-1.8941549491493488,2.220565219336657
-0.8926735101843546,-1.6710173454217292
-2.013626803754706,0.617511415828719
3.8739042086962243,0.42564727439853023
1.153200223795504,0.21773897574690693
2.4797593128243998,1.0711145256837655
-2.038349602238822,1.7148405935976165
-0.6510703016522521,2.831604316106971
2.2237583128643545,0.4380546201534315
-1.1024914806808246,-1.5933547641675398
-1.5035556314263654,-1.1256608951162839
1.9187922884814892,0.1949515580810206
-1.0830018030881767,-1.5733260785732408
-1.7522333339610974,0.9137672553587652
-0.5520331263583524,-3.1273126052217988
-1.576222545935484,1.742666801087095
-0.5184218925863515,-1.871736816201029
1.572418155617556,0.06198424357430754
0.8617553548976616,-1.6516385265442406
-1.361407413171353,1.2842526850982443
-3.3815757080913467,0.00885218160966598
1.4948086765969322,-1.3808347281126065
0.7502093513424979,3.1618872372590756
-1.6564922371854647,0.41015179834958376
0.22928846927269186,-0.14515796541918818
2.406377019742593,-1.2037749979500345
-2.119675426051465,-0.7269323662261483
2.792406604048409,-0.59125907726833
-0.8588115070969689,2.567758871444354
1.9230345195016998,0.4820592898747929
3.2100282896105705,0.3237023335342248
2.081025956026371,-0.9387840086775767
1.7394592172266923,-0.6879788817797834
-1.5148850982729272,1.1827709182287451
-0.01641142485664842,1.068769977710519
-1.7380483868412524,1.773655919480593
0.24976516825081155,2.2886353646853443
2.455671534351985,1.046360573783037
1.0610112799115052,-1.2107151978833612
3.204155810106527,-0.7806668946789375
-3.6445796792513216,-0.0025931101508444754
-1.1519958588472277,-2.542929881878289
-0.9819846884510062,-0.5896653465846704
0.12203354892770275,2.1438680216182866
-0.12869230694180214,1.5536397178263606
-2.943132476346323,-0.7420264067428431
-2.4701417082567017,-1.0433575738520522
-1.5451502729419255,1.4545320708775076
-0.7489546113313409,-2.3723409940263824
2.2343217085827956,1.9153266252243302
-1.5613678236094741,-2.079840674261793
-1.6255438433850165,0.44522781763460134
0.7094086044624037,-0.5316094717246689
0.5367796791920839,1.3896780311545658
0.7731414421609011,-0.6028209797155064
-0.49913570560457265,-2.927669591460594
-1.81483264098207,2.321309939794295
-0.899495777068395,-1.384744995980271
0.09581139746653196,0.8898972653539671
1.7167828323632448,-2.011070282049885
-1.2920067565144682,1.210095183790874
2.3103096895429087,-0.5680880981342326
0.07920173276986635,2.6038322929517195
-0.19688458155312383,-3.091428081237006
-0.9814923667993927,2.4119458447966773
-1.7107099860982231,0.6547657923600915
1.4868760444567588,0.560642960211231
-3.100775545353487,0.3654874655934292
0.9318573832425052,0.5768412477200696
-1.8625072300176244,1.6155847330264281
-2.6944100377343654,0.04837707022025641
3.8687941429874333,0.3503906172776015
-0.9992658481124372,-1.703861980088063
-2.2600935316638338,-0.4992321816353438
0.5955167541168404,0.2311987566463375
-1.323462662727303,2.945383195405543
-2.4712621307511613,-0.20722213066813194
3.261898090944099,-0.45534459883135586
2.2806781263721487,-1.5177611232660866
2.4819007515087024,0.7262229199282452
1.4189393014330562,-1.5179933301411632
3.4742800768469477,0.8296841099002642
1.6366606847462992,-0.35433420011194533
-1.853237277371627,1.9499458225412944
-0.774368356023263,2.4384884796548407
0.5626429210376777,2.337179178561445
-2.9438314639625665,-0.31687705877087124
1.4627333120135595,-2.30410515839294
1.0891016872984869,-1.2569272830277032
-2.7210394574425814,-0.442572383285937
2.0566521622340592,0.8528935560592542
3.220023506265028,0.6467377350055942
-1.144791188768232,-1.9699218532040335
2.594293824999353,1.1121209839702966
-1.4643533018715709,-2.181811927741829
-0.6501197684921636,-2.2790940886773705
-2.403725206135171,1.250788753364319
0.802774298749961,-0.7845286695182835
-3.439747901309429,0.25755716391933753
-2.202913616748387,0.3015513246108751
3.0729012516657335,0.79103884660035
1.5603998591701234,-1.6690481941292261
0.7961111723665069,2.2957225477451497
0.4287028874517968,-0.9277856216057355
-0.5841656720904701,1.7303281650284945
-0.08920737151277829,-2.9972294694210504
1.7987335192283704,1.1744084824130894
-0.6725986656314185,-0.781593878321316
3.182836945425675,0.25510809570321846
-2.522425329905357,-0.4904886646133094
2.077572139848004,-0.14801621550770974
1.3013618415860106,0.07671486902013673
-2.0368029096116382,-0.32694420894562864
-1.2344379367457554,1.5315812355676819
1.5351530220768694,-1.965942694625207
-1.7124470638078355,0.04067137640528483
3.189276672005698,1.393605126546247
1.6717884642956533,-1.2967948041804807
0.9169027539627234,-1.5996090584625082
1.0301783919724952,-0.20196845064316446
2.3191976896632305,-0.7304256506370453
-2.9799296716639554,-0.5812855007618621
1.3661602476414965,-0.44326124220374846
-2.5924187149656435,0.34837133922964447
2.4238209677127056,1.2302168098692774
-0.14617042069923794,1.8398933574851006
-1.4743914397999305,-2.563992469998997
1.3112181471961637,-1.4372526813830275
0.9128329613555235,-1.6151531135358919
-1.7525230433772663,1.2195017380635254
1.3436934415596244,-1.5838202172077895
1.1159580593709824,2.4329481731329414
-1.358349695040858,-0.8997435032975603
-2.5515754025805166,1.1490776482899985
-3.127629990778335,-0.645067751399207
0.3830409597238237,-0.28043657788700443
1.5756873445490491,-0.2279394480130282
1.4813204494610002,-2.2878446837342334
1.0199145339964932,-0.5057994601096517
-3.576178788158466,-0.15223826201253354
-1.0158715217342695,3.3360448419279787
2.466373082283195,0.42846780753546904
1.800183193999347,-0.20005694823668194
-3.077689180969397,-0.16429783367829376
0.6656476201956539,-1.270447998867511
4.000955099596476,0.4660081991612332
-0.649042170847892,2.1890049402932017
-2.134037440109487,1.5933105385575317
2.455115119865768,-0.07492415930526951
2.023404968140459,0.36708982073381613
1.3815743358179873,-0.4274208608356033
-2.7440310496965736,1.141164831835361
0.7122005491571128,-0.15876139029613756
-2.0236261540553047,0.9930244661191121
-1.1037450874717325,1.9340889639422512
2.8140429440809807,-0.019394792750671686
-1.4729219107639326,1.5363936188795175
-2.213543681001779,-0.14041108890490506
-3.2739543112640845,-0.413567883226306
1.6489070571620799,-1.3168120091913713
1.59464054154236,0.9646710938572401
2.382081329914762,0.3489417534738339
-0.8581003838199364,-2.8318614054986977
2.0116706728698928,-0.7246497171341857
-0.8069945783642376,-3.1262056852309237
-1.3393827608181867,-2.716873150719512
-1.6047881387642837,2.58808072784259
-0.22112433403610696,2.1417887744856805
-0.8420659421173262,2.9116144965092268
1.2001483353681832,-1.6154830020074185
0.25350675221133534,1.3746874752472171
0.8557797141409103,0.4986595688318682
-0.5738537421051336,1.6612322145846363
-2.476956862228414,0.9212606441903416
-1.5000589310107486,-0.02467685437311076
-0.3020101133058774,-2.6337785025600096
-0.9606538119322338,-2.385551961897795
-1.5229230465766426,0.5615352767907611
-0.1300151024926012,-2.1449407066474717
3.8947460094321413,0.6479018943985674
-1.8350620172788688,1.0052667780826814
-1.9063384137627288,1.0451718218565504
-3.1322486416858624,0.4115831842165094
-1.7148889000650378,1.8891387303393976
2.0967458948787616,0.07973865121550337
-2.189228971465631,0.7245518012662524
-1.8430008844583434,1.4038401864863173
1.1032114234849106,-0.29141253889720514
-2.490798292604804,0.4950247781572276
0.6428022055434632,1.5906241079826755
3.2329684671770607,1.1517213205956682
0.8137611283131558,-1.0109375534716523
-3.2634480452816637,-0.4002242116425131
3.8054055949339207,0.2949367916311847
2.599671184387368,-0.48506069509738853
1.5937251302794162,-0.11173690989442285
1.851745799495522,0.9356035808680391
-3.0135494858224794,0.15368286739432396
-3.5059724928144274,0.2595161226883328
1.0785815350150485,2.0845238645618345
0.2193695079436204,1.722843330855732
3.4736550040748058,0.8860293814574434
1.5452701927990922,0.3273687680930251
0.2566299127756071,2.683261694945417
0.9741884710036581,2.2722705997614523
-1.0577192328173233,-0.9607777047097542
0.8409373879907559,-1.7488353382236215
-0.13845009496563268,-2.1528988003941505
3.0136586628782385,0.9448108831820275
-0.4376437454384888,1.8156087066474398
-0.36799021479572036,1.975335209914563
2.8670054957434874,-0.2511902130233694
0.809414650799114,-1.344474447766956
-2.6702145836049396,-0.12664628672707895
-1.1436349430191128,-2.8204362145836974
-1.3446302768371674,-1.1789279532793737
1.3103138973226147,-1.0620443954741507
0.7253281120903412,-0.9310363819662592
1.3116022293387197,-1.2272251545231052
1.100367330256684,0.7500115186091153
-1.6812775107211837,0.9640646187462036
-2.836666295278313,-0.6213606996815094
-0.7042241191325154,2.441507736822876
-1.0776515803607838,-2.4727888900972195
-1.8712991988666547,-1.426879177504618
0.9266406627878053,-1.8000868728264166
-2.3116577958046327,1.6903082393222322
0.6634645462319725,-1.7652781545049265
2.0627811950796797,1.7390419742696828
-1.6922360735245991,0.9817664244816665
0.5448607317498284,1.4796200589279933
2.2939316024271585,0.510168627534513
-0.8382644181011834,-0.7352536309937878
-1.0255643205107794,3.409803018180537
-2.7589288777104666,0.5631370276068478
-2.0487963430549234,-1.6092851961744126
3.89881015660764,0.530016426027915
1.873511894238804,0.6646883469224775
2.473698448483203,0.718484359802165
1.3725494590030922,-0.03730237305498907
0.8394692681147451,-2.024927645276912
2.088264106430783,0.9620753916259515
2.2361574832732933,1.330646583327173
1.8776380834534603,-0.6197517222244229
-1.5487555033930427,0.6130407085812045
-0.7053228494845849,3.085287514353673
-1.5667165610506277,0.8179637982550547
0.047187840354156914,1.4469143864542613
-1.7069544724091865,-2.1437559371570254
-3.031182804602683,-0.22969445392331284
2.189154085485983,1.6523221785053919
1.504197865341515,-0.19620247041951389
0.7096753953465739,-0.662698774733618
1.1292952905503781,0.745530261597043
0.19884857425875627,2.230927961699963
1.5443819239592833,0.40315156226654847
3.5241298411958524,0.8602102769332328
-1.7278981042581742,1.1413722282373715
3.118328477556972,-0.5809427479192971
1.9638018751505872,0.7574753943941891
2.0803729554437145,-0.3897393482981942
0.24229431955459815,2.586230950699718
-2.197479123157183,1.5127352909169345
1.221524327161292,2.4718107491112336
1.241155499098435,-1.293688958159158
0.5368567941521168,2.388737119362794
-1.1722746703248608,0.3468243977848255
3.049949513898723,1.5452606144310368
-0.6308656490587041,-1.6952521996884455
2.309850029449483,0.35423446447212903
3.619885900252478,0.6674471185914622
0.4322389063066236,-0.52316130261807
-1.7314638097552981,-2.2403197509189505
2.195473095788666,-0.3933266966815005
-1.0812374330401617,1.9626752142198385
-3.103023043334219,-0.9277174889843848
-2.2108996492671458,0.39392804739218307
0.6987789884618751,-0.835816354647349
1.5227007708473952,-1.1524123418627144
-1.1038343617648247,-0.7148849037050594
0.4311120143759307,-0.23103606650160205
-2.5783652010197824,-0.6346725006523409
-1.3909440291242916,0.4858368629558766
-1.5093995187392415,2.386643136027816
1.3512135334107733,2.3127339338661366
2.375337687333583,0.059474035258632485
-0.9792240418473958,-2.0532448186085284
-2.548865616515338,0.4212753317498787
-0.8696377392070234,-1.0607779085034297
-1.18937815251128,-2.2692109672955803
-2.41928376342032,0.5445975129843028
-2.996294964382119,0.17559728188001505
-3.1456566401325974,-0.2506211244626787
2.785006357354624,0.022669178811771266
1.216199555850638,-1.3172339389682963
-0.9601819912827481,-1.7403928461934026
-0.453874176740082,1.571933966925172
-2.011462416475994,0.4586386667579369
-2.5661605466710156,0.39930959545040384
-1.7617769645322268,0.7757561541281588
-2.5277592791817813,-0.11102473639725165
-1.9116077066535393,-0.49111439824858044
-1.3271131142592913,0.8642438167541471
2.0769706401662518,-0.8715454476814588
2.1595346700671674,1.0353170193756132
1.3076916269008199,-0.3815986130145474
0.9974099386362936,0.3509234361016465
-0.9738060490892688,3.389470850076935
-1.20109637778354,-1.0314244698275263
-2.716513681327077,-0.43682434014214927
0.9488609543426729,2.468844756701294
-0.45941881293281656,1.7909294715217534
0.5241637333017612,-0.837721953755395
2.4611563427071044,0.4969862012659959
